country,year,iso_code,population,gdp,cement_co2,co2,co2_per_capita,coal_co2,flaring_co2,gas_co2,methane,nitrous_oxide,oil_co2,total_ghg,temp_anomaly
Africa,1910,,144170612.0,67594969088.0,0.0,17.411,0.121,17.411,0.0,0.0,16.37,5.01,0.0,28.79,-0.35
Africa,1911,,144586985.0,67594969088.0,0.0,16.865,0.117,16.854,0.0,0.0,16.37,5.01,0.011,28.79,-0.46
Africa,1912,,145180745.0,67594969088.0,0.0,17.954,0.124,17.869,0.0,0.0,16.37,5.01,0.084,28.79,-0.33
Africa,1913,,145775225.0,67594969088.0,0.0,19.606,0.134,19.566,0.0,0.0,16.37,5.01,0.04,28.79,-0.2
Africa,1914,,146378430.0,67594969088.0,0.0,19.551,0.134,19.243,0.0,0.0,16.37,5.01,0.308,28.79,-0.1
Africa,1915,,146990451.0,67594969088.0,0.0,19.606,0.133,19.514,0.0,0.0,16.37,5.01,0.092,28.79,-0.13
Africa,1916,,147611381.0,67594969088.0,0.0,23.255,0.158,23.072,0.0,0.0,16.37,5.01,0.183,28.79,-0.44
Africa,1917,,148241306.0,67594969088.0,0.0,25.344,0.171,24.919,0.0,0.0,16.37,5.01,0.425,28.79,-0.52
Africa,1918,,148852646.0,67594969088.0,0.0,24.725,0.166,23.856,0.0,0.0,16.37,5.01,0.868,28.79,-0.56
Africa,1919,,149715052.0,67594969088.0,0.0,25.443,0.17,24.751,0.0,0.0,16.37,5.01,0.692,28.79,-0.1
Africa,1920,,151007600.0,67594969088.0,0.0,28.052,0.186,27.594,0.0,0.0,16.37,5.01,0.458,28.79,-0.42
Africa,1921,,152208708.0,67594969088.0,0.0,27.986,0.184,27.425,0.0,0.0,16.37,5.01,0.561,28.79,-0.42
Africa,1922,,153847948.0,67594969088.0,0.0,23.97,0.156,23.435,0.0,0.0,16.37,5.01,0.534,28.79,-0.3
Africa,1923,,155754237.0,67594969088.0,0.0,29.045,0.186,28.572,0.0,0.0,16.37,5.01,0.473,28.79,-0.36
Africa,1924,,157688951.0,67594969088.0,0.0,30.631,0.194,30.126,0.0,0.0,16.37,5.01,0.505,28.79,-0.04
Africa,1925,,159652537.0,67594969088.0,0.0,32.185,0.202,31.624,0.0,0.0,16.37,5.01,0.561,28.79,-0.28
Africa,1926,,161645440.0,67594969088.0,0.0,34.438,0.213,33.903,0.0,0.0,16.37,5.01,0.535,28.79,0.03
Africa,1927,,163668127.0,67594969088.0,0.0,33.841,0.207,33.269,0.0,0.0,16.37,5.01,0.572,28.79,-0.01
Africa,1928,,165721048.0,67594969088.0,0.127,34.77,0.21,33.815,0.0,0.0,16.37,5.01,0.828,28.79,0.01
Africa,1929,,167806256.0,67594969088.0,0.366,35.802,0.213,34.59,0.0,0.0,16.37,5.01,0.846,28.79,-0.25
Africa,1930,,170123290.0,67594969088.0,0.261,33.696,0.198,32.555,0.0,0.0,16.37,5.01,0.88,28.79,-0.09
Africa,1931,,172075410.0,67594969088.0,0.266,29.464,0.171,28.307,0.0,0.0,16.37,5.01,0.89,28.79,0.33
Africa,1932,,174260306.0,67594969088.0,0.432,26.623,0.153,25.355,0.0,0.0,16.37,5.01,0.835,28.79,-0.06
Africa,1933,,176479403.0,67594969088.0,0.464,28.491,0.161,27.29,0.0,0.0,16.37,5.01,0.736,28.79,0.0
Africa,1934,,178731614.0,67594969088.0,0.534,32.539,0.182,31.324,0.0,0.0,16.37,5.01,0.682,28.79,-0.11
Africa,1935,,181017458.0,67594969088.0,0.61,35.91,0.198,34.743,0.0,0.0,16.37,5.01,0.557,28.79,-0.16
Africa,1936,,183337445.0,67594969088.0,0.691,39.016,0.213,37.765,0.0,0.0,16.37,5.01,0.561,28.79,-0.03
Africa,1937,,185692116.0,67594969088.0,0.727,41.844,0.225,40.582,0.0,0.0,16.37,5.01,0.535,28.79,0.01
Africa,1938,,188081992.0,67594969088.0,0.75,44.013,0.234,42.56,0.0,0.0,16.37,5.01,0.703,28.79,-0.11
Africa,1939,,190625616.0,67594969088.0,0.73,46.853,0.246,43.957,0.0,0.11,16.37,5.01,2.056,28.79,-0.07
Africa,1940,,193553408.0,67594969088.0,0.653,49.649,0.257,46.039,0.0,0.092,16.37,5.01,2.865,28.79,0.07
Africa,1941,,196192789.0,67594969088.0,0.72,54.023,0.275,49.442,0.0,0.099,16.37,5.01,3.763,28.79,0.33
Africa,1942,,199225975.0,67594969088.0,0.77,58.823,0.295,54.304,0.0,0.106,16.37,5.01,3.642,28.79,0.15
Africa,1943,,202432183.0,67594969088.0,0.809,60.12,0.297,55.237,0.0,0.117,16.37,5.01,3.957,28.79,-0.25
Africa,1944,,205698555.0,67594969088.0,0.969,66.633,0.324,61.371,0.0,0.131,16.37,5.01,4.162,28.79,-0.1
Africa,1945,,209026260.0,67594969088.0,0.937,67.527,0.323,62.303,0.0,0.136,16.37,5.01,4.151,28.79,-0.1
Africa,1946,,212416498.0,67594969088.0,1.144,68.159,0.321,62.938,0.0,0.135,16.37,5.01,3.942,28.79,-0.05
Africa,1947,,215870471.0,67594969088.0,1.281,67.935,0.315,62.415,0.0,0.136,16.37,5.01,4.104,28.79,0.12
Africa,1948,,219389433.0,67594969088.0,1.424,71.733,0.327,64.359,0.0,0.139,16.37,5.01,5.811,28.79,-0.24
Africa,1949,,223251064.0,67594969088.0,1.532,77.324,0.346,68.58,0.0,0.14,16.37,5.01,7.072,28.79,-0.04
Africa,1950,,227549730.0,67594969088.0,2.014,93.452,0.411,68.711,0.0,0.004,16.37,5.01,22.723,28.79,-0.29
Africa,1951,,232484439.0,67594969088.0,2.269,99.862,0.43,72.305,0.0,0.004,16.37,5.01,25.284,28.79,-0.11
Africa,1952,,237586485.0,67594969088.0,2.327,108.882,0.458,78.939,0.0,0.007,16.37,5.01,27.609,28.79,-0.03
Africa,1953,,242837870.0,67594969088.0,2.637,110.796,0.456,78.902,0.0,0.015,16.37,5.01,29.242,28.79,-0.15
Africa,1954,,248245229.0,67594969088.0,3.041,116.157,0.468,81.608,0.0,0.022,16.37,5.01,31.486,28.79,-0.26
Africa,1955,,253848117.0,67594969088.0,3.409,128.058,0.505,91.598,0.0,0.022,16.37,5.01,33.03,28.79,-0.06
Africa,1956,,259631766.0,67594969088.0,3.517,133.509,0.514,95.502,0.0,0.029,16.37,5.01,34.461,28.79,-0.35
Africa,1957,,265515596.0,67594969088.0,3.681,139.953,0.527,99.296,0.0,0.022,16.37,5.01,36.955,28.79,-0.14
Africa,1958,,271429963.0,67594969088.0,3.989,148.305,0.546,103.144,0.0,0.018,16.37,5.01,41.153,28.79,0.18
Africa,1959,,277648583.0,67594969088.0,4.189,147.911,0.533,101.676,0.0,0.035,16.37,5.01,42.011,28.79,-0.07
Africa,1960,,284288223.0,67594969088.0,4.399,156.64,0.551,103.522,0.0,0.047,16.37,5.01,48.672,28.79,0.06
Africa,1961,,291177974.0,67594969088.0,4.3,162.079,0.557,105.003,0.0,0.498,16.37,5.01,52.277,28.79,-0.21
Africa,1962,,298334455.0,67594969088.0,4.461,166.426,0.558,106.668,0.0,0.74,16.37,5.01,54.557,28.79,-0.03
Africa,1963,,305755585.0,67594969088.0,4.798,176.448,0.577,109.186,1.147,0.718,16.37,5.01,60.599,28.79,0.07
Africa,1964,,313466087.0,67594969088.0,5.318,193.764,0.618,115.604,1.877,1.451,16.37,5.01,69.514,28.79,-0.26
Africa,1965,,321447378.0,67594969088.0,5.691,213.785,0.665,124.891,4.948,2.123,16.37,5.01,76.132,28.79,-0.26
Africa,1966,,329658389.0,67594969088.0,5.841,221.262,0.671,123.843,5.193,2.36,16.37,5.01,84.024,28.79,0.1
Africa,1967,,338159967.0,67594969088.0,5.964,237.258,0.702,127.101,20.763,2.319,16.37,5.01,81.11,28.79,-0.3
Africa,1968,,346980412.0,67594969088.0,6.857,257.6,0.743,132.504,29.668,2.364,16.37,5.01,86.208,28.79,-0.2
Africa,1969,,356070643.0,67594969088.0,7.895,278.139,0.781,135.191,38.326,2.89,16.37,5.01,93.837,28.79,0.33
Africa,1970,,365450443.0,67594969088.0,8.596,302.943,0.829,140.097,54.935,0.816,16.37,5.01,98.498,28.79,0.08
Africa,1971,,375086296.0,67594969088.0,9.243,332.204,0.886,149.906,55.976,1.693,16.37,5.01,115.386,28.79,-0.26
Africa,1972,,384930776.0,67594969088.0,9.762,352.239,0.915,153.924,64.65,4.414,16.37,5.01,119.489,28.79,0.0
Africa,1973,,395212420.0,67594969088.0,10.328,378.421,0.958,154.291,80.006,5.36,16.37,5.01,128.435,28.79,0.24
Africa,1974,,406069208.0,67594969088.0,10.803,388.865,0.958,157.241,81.362,5.111,16.37,5.01,134.347,28.79,-0.31
Africa,1975,,417556976.0,67594969088.0,10.928,387.829,0.929,162.187,64.309,6.422,16.37,5.01,143.982,28.79,-0.25
Africa,1976,,429573262.0,67594969088.0,11.186,420.857,0.98,171.906,77.8,8.885,16.37,5.01,151.079,28.79,-0.21
Africa,1977,,441701768.0,67594969088.0,11.918,433.845,0.982,176.693,71.549,13.669,16.37,5.01,160.015,28.79,0.07
Africa,1978,,454463053.0,67594969088.0,12.577,463.267,1.02,178.676,71.706,34.434,16.37,5.01,165.874,28.79,0.07
Africa,1979,,467976240.0,67594969088.0,13.471,499.992,1.069,197.363,87.719,19.657,16.37,5.01,181.782,28.79,0.35
Africa,1980,,481543145.0,67594969088.0,14.671,536.49,1.114,212.398,76.248,34.632,16.37,5.01,198.541,28.79,0.3
Africa,1981,,495655683.0,67594969088.0,15.939,549.365,1.109,237.34,52.539,29.401,16.37,5.01,214.146,28.79,0.12
Africa,1982,,510540596.0,67594969088.0,17.009,572.577,1.122,250.232,44.95,23.985,16.37,5.01,236.401,28.79,0.09
Africa,1983,,525335348.0,67594969088.0,18.682,595.413,1.134,260.943,41.279,30.431,16.37,5.01,244.078,28.79,0.38
Africa,1984,,540183119.0,67594969088.0,19.395,650.254,1.204,286.063,45.564,47.57,16.37,5.01,251.663,28.79,0.22
Africa,1985,,555652995.0,67594969088.0,19.095,666.655,1.2,294.697,51.4,48.848,16.37,5.01,252.614,28.79,0.25
Africa,1986,,571646786.0,67594969088.0,18.313,690.671,1.209,305.787,53.018,58.357,16.37,5.01,255.195,28.79,0.22
Africa,1987,,588080029.0,67594969088.0,19.906,690.763,1.175,312.518,44.862,67.872,16.37,5.01,245.605,28.79,0.72
Africa,1988,,604511530.0,67594969088.0,21.533,726.007,1.201,322.719,49.233,68.952,16.37,5.01,263.569,28.79,0.42
Africa,1989,,621167964.0,67594969088.0,22.502,699.179,1.126,313.482,22.048,71.403,16.37,5.01,269.746,28.79,0.05
Africa,1990,,638157571.0,67594969088.0,22.758,659.297,1.033,295.753,20.795,75.954,714.81,312.74,244.036,2148.5,0.52
Africa,1991,,655040869.0,67594969088.0,24.383,688.954,1.052,306.5,20.799,78.466,740.89,316.52,258.805,2215.11,0.29
Africa,1992,,671931834.0,67594969088.0,24.862,668.606,0.995,288.582,23.351,74.273,748.77,319.64,257.538,2237.26,0.1
Africa,1993,,689140286.0,67594969088.0,24.563,708.741,1.029,318.848,21.79,81.722,762.15,321.66,261.818,2267.39,0.38
Africa,1994,,706488557.0,67594969088.0,25.059,719.465,1.019,330.698,21.797,85.588,782.85,383.62,256.323,2357.19,0.26
Africa,1995,,724331972.0,67594969088.0,27.021,771.882,1.066,346.863,24.097,101.557,798.76,388.34,272.345,2418.23,0.55
Africa,1996,,742765067.0,67594969088.0,27.617,783.332,1.055,353.13,23.787,108.019,818.49,374.32,270.778,2461.64,0.52
Africa,1997,,761224818.0,67594969088.0,27.907,812.606,1.068,360.843,23.394,95.205,829.01,378.87,305.257,2497.94,0.53
Africa,1998,,779908311.0,67594969088.0,28.906,837.844,1.075,355.518,22.961,112.712,866.65,405.11,317.747,2572.78,0.9
Africa,1999,,799099611.0,67594969088.0,30.167,830.411,1.04,366.536,23.569,114.377,860.87,403.42,295.762,2565.68,0.6
Africa,2000,,818952374.0,67594969088.0,31.31,886.403,1.083,370.263,55.282,114.35,854.14,404.59,315.198,2580.83,0.42
Africa,2001,,839464127.0,67594969088.0,32.762,884.0,1.053,371.99,58.049,120.126,828.8,410.59,301.074,2690.39,0.63
Africa,2002,,860611762.0,67594969088.0,35.178,892.559,1.037,361.126,71.508,134.355,845.29,423.93,290.392,2734.89,0.81
Africa,2003,,882349569.0,67594969088.0,35.452,967.17,1.097,390.897,66.519,145.781,897.75,448.4,328.521,2857.54,0.85
Africa,2004,,904781595.0,67594969088.0,38.115,1036.637,1.146,417.522,76.777,152.687,915.18,446.72,351.535,2922.41,0.79
Africa,2005,,927898412.0,67594969088.0,41.906,1057.361,1.14,412.797,75.649,183.637,961.11,470.72,343.373,3027.38,1.02
Africa,2006,,951740562.0,67594969088.0,45.721,1090.145,1.146,419.151,73.553,179.343,959.01,459.81,372.378,3034.3,0.77
Africa,2007,,976461747.0,67594969088.0,49.05,1132.287,1.16,430.315,76.349,192.323,991.26,479.83,384.25,3119.11,0.75
Africa,2008,,1001981577.0,67594969088.0,51.576,1181.175,1.179,454.084,72.03,195.08,1015.24,491.5,408.404,3217.0,0.67
Africa,2009,,1028200528.0,67594969088.0,57.764,1171.78,1.14,423.78,60.76,191.714,996.71,483.65,437.762,3187.53,0.97
Africa,2010,,1055233717.0,67594969088.0,59.311,1214.749,1.152,429.905,64.329,201.908,1040.5,510.03,459.296,3319.55,1.37
Africa,2011,,1082676070.0,67594969088.0,59.08,1251.306,1.156,422.73,58.084,221.726,1005.92,514.89,489.685,3263.84,0.77
Africa,2012,,1110797495.0,67594969088.0,63.726,1259.537,1.134,427.736,64.278,234.034,1045.68,519.76,469.764,3381.3,0.8
Africa,2013,,1140180888.0,67594969088.0,66.163,1268.892,1.113,427.516,61.116,236.612,1028.12,519.23,477.486,3406.07,0.92
Africa,2014,,1170299297.0,67594969088.0,70.076,1350.089,1.154,441.182,59.073,239.098,1026.13,519.81,540.66,3453.88,0.97
Africa,2015,,1201108186.0,67594969088.0,73.669,1323.759,1.103,419.173,57.822,253.875,1043.63,531.16,519.22,3481.93,1.06
Africa,2016,,1232111820.0,67594969088.0,77.765,1363.459,1.107,426.038,57.51,269.763,1068.96,547.21,532.382,3583.36,1.35
Africa,2017,,1263333997.0,67594969088.0,77.602,1379.49,1.092,420.191,59.959,284.339,1093.86,548.6,537.4,3643.57,1.08
Africa,2018,,1295265310.0,67594969088.0,80.124,1366.411,1.055,418.017,59.245,287.462,1110.65,547.7,521.562,3688.83,1.09
Africa,2019,,1327701380.0,67594969088.0,80.359,1467.492,1.106,458.768,60.075,308.338,1127.96,547.52,559.951,3745.88,1.2
Africa,2020,,1360677453.0,67594969088.0,79.0,1385.889,1.019,430.011,54.332,305.152,1127.96,547.52,517.394,3745.88,1.21
Africa,2021,,1393676724.0,67594969088.0,77.735,1450.796,1.041,433.855,56.299,326.296,1127.96,547.52,556.612,3745.88,1.31
Asia,1910,,1018997582.0,33296515072.0,0.0,110.783,0.109,97.494,0.0,0.0,2.32,1.27,13.289,10.0,-0.6
Asia,1911,,1026660265.0,33296515072.0,0.0,117.765,0.115,103.729,0.0,0.0,2.32,1.27,14.036,10.0,-0.61
Asia,1912,,1034425911.0,33296515072.0,0.0,119.78,0.116,105.972,0.0,0.0,2.32,1.27,13.807,10.0,-0.91
Asia,1913,,1042234550.0,33296515072.0,0.0,137.369,0.132,122.13,0.0,0.0,2.32,1.27,15.239,10.0,-0.55
Asia,1914,,1050154533.0,33296515072.0,0.0,142.878,0.136,127.376,0.0,0.0,2.32,1.27,15.502,10.0,0.03
Asia,1915,,1058188662.0,33296515072.0,0.0,136.662,0.129,120.46,0.0,0.0,2.32,1.27,16.202,10.0,-0.35
Asia,1916,,1066281832.0,33296515072.0,0.0,149.904,0.141,132.052,0.0,0.029,2.32,1.27,17.824,10.0,-0.59
Asia,1917,,1074410073.0,33296515072.0,0.0,161.998,0.151,143.988,0.0,0.044,2.32,1.27,17.967,10.0,-0.46
Asia,1918,,1082756905.0,33296515072.0,0.0,166.879,0.154,151.684,0.0,0.048,2.32,1.27,15.147,10.0,-0.59
Asia,1919,,1091090241.0,33296515072.0,0.0,183.562,0.168,167.022,0.0,0.051,2.32,1.27,16.488,10.0,-0.56
Asia,1920,,1099417986.0,33296515072.0,0.0,175.431,0.16,157.557,0.0,0.07,2.32,1.27,17.805,10.0,-0.33
Asia,1921,,1107621411.0,33296515072.0,0.0,171.8,0.155,151.445,0.0,0.211,2.32,1.27,20.144,10.0,0.03
Asia,1922,,1115699547.0,33296515072.0,0.0,181.282,0.162,157.998,0.0,0.218,2.32,1.27,23.067,10.0,-0.27
Asia,1923,,1123673982.0,33296515072.0,0.0,199.214,0.177,171.997,0.0,0.387,2.32,1.27,26.83,10.0,-0.36
Asia,1924,,1131787684.0,33296515072.0,0.0,213.285,0.188,183.809,0.0,0.513,2.32,1.27,28.962,10.0,-0.11
Asia,1925,,1140024531.0,33296515072.0,0.0,215.449,0.189,184.181,0.0,0.784,2.32,1.27,30.485,10.0,0.01
Asia,1926,,1148394646.0,33296515072.0,0.0,218.821,0.191,185.914,0.0,0.712,2.32,1.27,32.195,10.0,-0.08
Asia,1927,,1156897793.0,33296515072.0,0.0,236.806,0.205,199.721,0.0,0.709,2.32,1.27,36.377,10.0,-0.3
Asia,1928,,1165548726.0,33296515072.0,2.52,248.41,0.213,205.42,0.0,0.907,2.32,1.27,39.564,10.0,-0.35
Asia,1929,,1175056070.0,33296515072.0,2.903,258.363,0.22,211.297,0.0,1.147,2.32,1.27,43.015,10.0,-0.75
Asia,1930,,1185463161.0,33296515072.0,2.736,257.944,0.218,206.647,0.0,1.052,2.32,1.27,47.508,10.0,-0.29
Asia,1931,,1196785984.0,33296515072.0,2.763,248.702,0.208,196.41,0.0,1.678,2.32,1.27,47.851,10.0,-0.42
Asia,1932,,1209016893.0,33296515072.0,2.833,248.792,0.206,193.886,0.0,1.787,2.32,1.27,50.286,10.0,0.18
Asia,1933,,1222124693.0,33296515072.0,3.326,273.091,0.223,213.491,0.0,2.209,2.32,1.27,54.065,10.0,-0.64
Asia,1934,,1235397711.0,33296515072.0,3.531,309.642,0.251,241.924,0.0,2.523,2.32,1.27,61.664,10.0,-0.17
Asia,1935,,1248842623.0,33296515072.0,4.525,337.3,0.27,263.274,0.0,2.644,2.32,1.27,66.857,10.0,-0.13
Asia,1936,,1262555134.0,33296515072.0,5.222,364.187,0.288,281.955,0.0,2.796,2.32,1.27,74.214,10.0,-0.2
Asia,1937,,1276502272.0,33296515072.0,5.3,385.525,0.302,291.25,0.0,3.065,2.32,1.27,85.91,10.0,-0.2
Asia,1938,,1290722765.0,33296515072.0,3.804,394.76,0.306,299.333,0.0,3.22,2.32,1.27,88.402,10.0,0.23
Asia,1939,,1303469421.0,33296515072.0,4.43,418.879,0.321,312.829,0.0,3.496,2.32,1.27,98.124,10.0,0.26
Asia,1940,,1314744179.0,33296515072.0,3.313,471.838,0.359,371.534,0.0,4.252,2.32,1.27,92.738,10.0,-0.04
Asia,1941,,1324559853.0,33296515072.0,6.377,478.42,0.361,389.844,0.0,0.319,2.32,1.27,81.88,10.0,-0.22
Asia,1942,,1332892961.0,33296515072.0,5.367,447.414,0.336,368.43,0.0,0.26,2.32,1.27,73.357,10.0,-0.07
Asia,1943,,1339548622.0,33296515072.0,4.792,440.126,0.329,350.144,0.0,0.179,2.32,1.27,85.01,10.0,0.34
Asia,1944,,1345916914.0,33296515072.0,3.972,440.591,0.327,341.197,0.0,0.194,2.32,1.27,95.228,10.0,0.26
Asia,1945,,1352400061.0,33296515072.0,2.255,328.129,0.243,224.268,0.0,2.05,2.32,1.27,99.557,10.0,-0.25
Asia,1946,,1359285868.0,33296515072.0,2.354,315.654,0.232,185.744,0.0,2.337,2.32,1.27,125.22,10.0,-0.09
Asia,1947,,1366884901.0,33296515072.0,2.701,380.436,0.278,218.691,0.0,2.813,2.32,1.27,156.231,10.0,-0.05
Asia,1948,,1375039604.0,33296515072.0,3.223,384.024,0.279,239.741,0.0,3.691,2.32,1.27,137.369,10.0,0.43
Asia,1949,,1387587694.0,33296515072.0,4.742,458.599,0.331,282.765,0.0,5.311,2.32,1.27,165.781,10.0,-0.04
Asia,1950,,1378554727.0,33296515072.0,6.325,475.177,0.345,305.209,0.0,5.493,2.32,1.27,158.149,10.0,-0.45
Asia,1951,,1405143078.0,33296515072.0,8.663,455.045,0.324,351.857,0.0,6.112,2.32,1.27,88.413,10.0,0.07
Asia,1952,,1434494047.0,33296515072.0,9.561,504.698,0.352,390.224,0.0,6.659,2.32,1.27,98.255,10.0,-0.42
Asia,1953,,1465867616.0,33296515072.0,11.407,540.253,0.369,406.514,0.0,7.463,2.32,1.27,114.868,10.0,0.29
Asia,1954,,1498211442.0,33296515072.0,13.691,592.035,0.395,436.488,0.0,8.291,2.32,1.27,133.565,10.0,-0.3
Asia,1955,,1532368957.0,33296515072.0,14.24,674.786,0.44,476.303,11.641,11.102,2.32,1.27,161.501,10.0,-0.1
Asia,1956,,1566934853.0,33296515072.0,17.006,749.28,0.478,521.408,12.754,13.621,2.32,1.27,184.491,10.0,-0.48
Asia,1957,,1603074679.0,33296515072.0,19.682,843.53,0.526,592.389,8.664,17.858,2.32,1.27,204.938,10.0,-0.3
Asia,1958,,1639899539.0,33296515072.0,22.114,1137.921,0.694,861.175,9.871,22.003,2.32,1.27,222.758,10.0,-0.18
Asia,1959,,1672174028.0,33296515072.0,26.272,1373.618,0.821,1061.559,11.208,26.398,2.32,1.27,248.182,10.0,0.12
Asia,1960,,1698939691.0,33296515072.0,32.137,1538.406,0.906,1145.768,12.68,34.668,2.32,1.27,294.228,10.0,-0.26
Asia,1961,,1725304326.0,33296515072.0,30.684,1393.256,0.808,951.355,14.39,40.712,2.32,1.27,335.699,10.0,0.21
Asia,1962,,1760632925.0,33296515072.0,34.167,1342.288,0.762,854.504,15.817,46.141,2.32,1.27,370.551,10.0,0.38
Asia,1963,,1806724539.0,33296515072.0,36.948,1422.811,0.788,868.14,23.763,53.212,2.32,1.27,418.679,10.0,0.35
Asia,1964,,1854882565.0,33296515072.0,41.595,1507.063,0.812,876.228,44.746,61.394,2.32,1.27,458.829,10.0,-0.34
Asia,1965,,1901594742.0,33296515072.0,45.465,1649.484,0.867,937.498,60.725,68.329,2.32,1.27,514.083,10.0,-0.16
Asia,1966,,1948036863.0,33296515072.0,51.997,1796.642,0.922,991.362,70.369,75.249,2.32,1.27,583.474,10.0,-0.24
Asia,1967,,1994226633.0,33296515072.0,53.703,1824.612,0.915,924.984,90.564,81.296,2.32,1.27,648.821,10.0,0.19
Asia,1968,,2042761361.0,33296515072.0,58.048,2015.469,0.987,981.346,93.983,89.473,2.32,1.27,766.422,10.0,-0.2
Asia,1969,,2093665797.0,33296515072.0,65.284,2288.907,1.093,1098.435,120.634,102.193,2.32,1.27,874.076,10.0,-0.77
Asia,1970,,2144906508.0,33296515072.0,73.46,2696.106,1.257,1290.839,129.931,104.963,2.32,1.27,1065.693,10.0,-0.08
Asia,1971,,2195423804.0,33296515072.0,80.498,2950.439,1.344,1379.189,163.691,112.264,2.32,1.27,1183.193,10.0,0.19
Asia,1972,,2245577141.0,33296515072.0,87.368,3120.408,1.39,1401.232,187.101,120.222,2.32,1.27,1289.909,10.0,-0.33
Asia,1973,,2296593872.0,33296515072.0,95.907,3351.738,1.459,1448.281,223.095,135.421,2.32,1.27,1411.49,10.0,0.42
Asia,1974,,2346946783.0,33296515072.0,94.771,3411.388,1.454,1472.002,220.09,151.875,2.32,1.27,1434.638,10.0,-0.27
Asia,1975,,2395376069.0,33296515072.0,99.334,3576.808,1.493,1619.192,192.85,166.899,2.32,1.27,1464.126,10.0,0.57
Asia,1976,,2442681709.0,33296515072.0,105.775,3801.749,1.556,1637.472,230.375,181.4,2.32,1.27,1610.207,10.0,-0.42
Asia,1977,,2489872409.0,33296515072.0,115.394,4046.414,1.625,1743.941,225.91,194.024,2.32,1.27,1730.729,10.0,0.06
Asia,1978,,2536783728.0,33296515072.0,130.955,4227.558,1.667,1821.9,227.134,212.952,2.32,1.27,1797.112,10.0,0.2
Asia,1979,,2584916791.0,33296515072.0,134.347,4401.187,1.703,1894.84,193.685,243.487,2.32,1.27,1896.3,10.0,0.08
Asia,1980,,2635334410.0,33296515072.0,138.094,4395.949,1.668,1939.028,167.959,279.083,2.32,1.27,1836.199,10.0,0.18
Asia,1981,,2687793098.0,33296515072.0,142.971,4369.496,1.626,1978.359,115.854,300.469,2.32,1.27,1797.714,10.0,0.67
Asia,1982,,2742593626.0,33296515072.0,149.596,4519.137,1.648,2121.362,116.757,284.549,2.32,1.27,1811.248,10.0,0.23
Asia,1983,,2797881469.0,33296515072.0,159.821,4701.174,1.68,2229.77,103.348,291.06,2.32,1.27,1878.809,10.0,0.72
Asia,1984,,2853170213.0,33296515072.0,169.347,4975.358,1.744,2429.776,73.486,374.464,2.32,1.27,1886.611,10.0,-0.17
Asia,1985,,2909856492.0,33296515072.0,179.281,5266.603,1.81,2656.944,63.793,415.477,2.32,1.27,1906.251,10.0,0.0
Asia,1986,,2968294733.0,33296515072.0,191.309,5492.772,1.85,2778.087,56.395,450.314,2.32,1.27,1966.625,10.0,0.25
Asia,1987,,3028624604.0,33296515072.0,204.541,5732.141,1.893,2938.284,55.393,491.851,2.32,1.27,1978.156,10.0,-0.06
Asia,1988,,3089224548.0,33296515072.0,222.634,6194.507,2.005,3163.848,59.641,525.795,2.32,1.27,2144.795,10.0,0.77
Asia,1989,,3149702853.0,33296515072.0,230.653,6410.467,2.035,3216.611,57.263,567.427,2.32,1.27,2263.246,10.0,0.71
Asia,1990,,3210563750.0,33296515072.0,237.589,6611.225,2.059,3252.217,79.812,647.593,2672.5,777.41,2307.884,9678.54,0.95
Asia,1991,,3269054085.0,33296515072.0,261.622,7414.699,2.268,3368.297,99.146,698.596,2680.96,789.8,2897.288,9963.21,0.69
Asia,1992,,3324377494.0,33296515072.0,293.244,7256.959,2.183,3428.207,68.813,746.032,2693.71,809.19,2622.671,10243.729,0.23
Asia,1993,,3378235529.0,33296515072.0,324.774,7589.25,2.247,3560.168,65.971,804.401,2740.02,807.17,2726.961,10601.8,0.36
Asia,1994,,3431170953.0,33296515072.0,356.125,7920.648,2.308,3717.167,69.516,855.357,2770.17,834.15,2812.171,10961.609,0.54
Asia,1995,,3483316665.0,33296515072.0,385.61,8241.792,2.366,3933.509,62.962,863.703,2839.47,889.3,2882.589,11575.24,1.26
Asia,1996,,3534544077.0,33296515072.0,402.647,8573.008,2.425,4096.282,64.589,906.24,2825.23,920.7,2988.095,11577.28,0.35
Asia,1997,,3585198287.0,33296515072.0,420.511,8687.989,2.423,4098.437,67.92,957.87,3057.09,916.62,3025.998,12712.93,0.83
Asia,1998,,3635442850.0,33296515072.0,411.68,8419.528,2.316,3910.883,66.359,958.411,2913.58,934.32,2957.433,12049.94,0.8
Asia,1999,,3685232690.0,33296515072.0,440.303,8880.381,2.41,4107.223,65.167,1040.293,2900.54,942.79,3114.745,12079.91,0.9
Asia,2000,,3735089775.0,33296515072.0,464.483,9300.388,2.49,4273.769,66.781,1073.207,2923.09,939.51,3311.404,12472.641,0.75
Asia,2001,,3785215058.0,33296515072.0,498.792,9465.591,2.501,4356.85,71.932,1108.725,2900.88,943.02,3320.441,12721.66,0.97
Asia,2002,,3834687401.0,33296515072.0,536.806,10011.79,2.611,4807.693,64.921,1171.515,3007.69,971.28,3320.248,13692.37,1.22
Asia,2003,,3883310793.0,33296515072.0,588.314,10993.457,2.831,5510.933,71.462,1266.102,2991.33,994.55,3442.4,14216.14,1.09
Asia,2004,,3931402529.0,33296515072.0,633.244,11682.397,2.972,5837.408,80.277,1370.735,3171.29,1040.39,3640.671,15691.92,1.06
Asia,2005,,3979329053.0,33296515072.0,675.255,12525.343,3.148,6525.003,90.172,1450.33,3174.99,1055.31,3654.843,16404.82,1.24
Asia,2006,,4027291741.0,33296515072.0,745.681,13367.104,3.319,7115.816,100.596,1572.531,3349.09,1088.44,3695.546,17789.439,0.99
Asia,2007,,4074998014.0,33296515072.0,809.072,14076.977,3.454,7667.769,93.789,1649.663,3287.21,1110.74,3713.606,18249.189,1.73
Asia,2008,,4122790915.0,33296515072.0,835.241,14820.116,3.595,8175.789,97.724,1773.353,3333.63,1122.72,3791.119,18745.73,1.41
Asia,2009,,4171339685.0,33296515072.0,903.758,15368.629,3.684,8545.598,112.43,1842.708,3450.79,1165.99,3814.878,19838.941,0.98
Asia,2010,,4220041467.0,33296515072.0,975.722,16536.73,3.919,9245.113,111.32,2021.423,3445.44,1187.82,4043.058,20755.109,1.07
Asia,2011,,4268479060.0,33296515072.0,1063.676,17752.203,4.159,10127.802,106.048,2200.99,3579.33,1200.44,4087.085,21985.352,1.18
Asia,2012,,4317165429.0,33296515072.0,1090.337,18466.895,4.278,10493.496,111.395,2278.974,3594.37,1223.92,4324.024,22650.52,0.95
Asia,2013,,4365286895.0,33296515072.0,1147.297,18720.994,4.289,10605.136,112.594,2312.359,3628.94,1242.7,4356.896,23287.24,1.35
Asia,2014,,4412496398.0,33296515072.0,1192.221,19068.562,4.321,10745.088,115.734,2499.506,3749.87,1267.38,4320.56,23992.98,1.08
Asia,2015,,4458250376.0,33296515072.0,1137.236,19206.867,4.308,10672.142,117.555,2578.933,3775.48,1290.91,4505.157,24046.99,1.76
Asia,2016,,4502955714.0,33296515072.0,1182.519,19303.904,4.287,10544.242,123.456,2680.369,3677.46,1300.08,4575.845,23972.568,1.7
Asia,2017,,4547095064.0,33296515072.0,1201.785,19839.646,4.363,10794.347,127.207,2805.225,3716.51,1319.94,4711.42,24566.141,1.78
Asia,2018,,4588802751.0,33296515072.0,1260.604,20437.713,4.454,11148.442,121.688,2957.418,3817.08,1322.39,4748.653,25456.09,1.4
Asia,2019,,4627738749.0,33296515072.0,1306.443,20894.498,4.515,11458.775,113.137,3018.15,3877.76,1337.94,4791.942,26048.539,1.75
Asia,2020,,4663086623.0,33296515072.0,1330.143,20689.746,4.437,11351.919,116.197,3052.322,3877.76,1337.94,4638.769,26048.539,2.22
Asia,2021,,4693332132.0,33296515072.0,1358.534,21688.988,4.621,11959.011,121.619,3242.854,3877.76,1337.94,4806.574,26048.539,1.62
Europe,1910,,442200578.0,195740319744.0,0.128,1538.614,3.48,1494.802,0.0,0.015,84.47,48.08,43.669,183.37,-0.01
Europe,1911,,444373917.0,195740319744.0,0.141,1574.111,3.543,1531.072,0.0,0.015,84.47,48.08,42.883,183.37,-0.22
Europe,1912,,446048921.0,195740319744.0,0.169,1632.499,3.66,1588.003,0.0,0.011,84.47,48.08,44.316,183.37,-0.73
Europe,1913,,447186295.0,195740319744.0,0.194,1767.373,3.953,1721.651,0.0,0.055,84.47,48.08,45.472,183.37,-0.18
Europe,1914,,448347652.0,195740319744.0,0.139,1573.934,3.511,1530.869,0.0,0.04,84.47,48.08,42.886,183.37,-0.17
Europe,1915,,449475992.0,195740319744.0,0.153,1492.835,3.322,1450.276,0.0,0.048,84.47,48.08,42.359,183.37,-0.6
Europe,1916,,450563315.0,195740319744.0,0.173,1561.152,3.465,1519.822,0.0,0.15,84.47,48.08,41.008,183.37,-0.05
Europe,1917,,451646629.0,195740319744.0,0.14,1533.393,3.395,1492.134,0.0,0.106,84.47,48.08,41.012,183.37,-0.72
Europe,1918,,452735659.0,195740319744.0,0.113,1394.104,3.08,1360.734,0.0,0.117,84.47,48.08,33.14,183.37,-0.12
Europe,1919,,454293081.0,195740319744.0,0.117,1183.804,2.606,1153.926,0.0,0.33,84.47,48.08,29.431,183.37,-0.61
Europe,1920,,456440497.0,195740319744.0,0.14,1373.71,3.01,1351.984,0.0,0.978,84.47,48.08,20.608,183.37,0.03
Europe,1921,,458944944.0,195740319744.0,0.121,1253.157,2.731,1231.526,0.0,1.025,84.47,48.08,20.486,183.37,0.02
Europe,1922,,461995358.0,195740319744.0,0.183,1397.917,3.026,1369.936,0.0,1.102,84.47,48.08,26.697,183.37,-0.57
Europe,1923,,465460151.0,195740319744.0,0.196,1335.73,2.87,1302.534,0.0,1.088,84.47,48.08,31.912,183.37,-0.18
Europe,1924,,468963376.0,195740319744.0,0.203,1541.559,3.287,1502.473,0.0,1.451,84.47,48.08,37.432,183.37,-0.4
Europe,1925,,472522223.0,195740319744.0,0.222,1526.831,3.232,1473.029,0.0,1.729,84.47,48.08,51.85,183.37,-0.1
Europe,1926,,476105901.0,195740319744.0,0.235,1308.482,2.749,1254.925,0.0,1.785,84.47,48.08,51.538,183.37,0.0
Europe,1927,,479713624.0,195740319744.0,0.382,1670.261,3.482,1614.035,0.0,1.977,84.47,48.08,53.867,183.37,-0.14
Europe,1928,,483365625.0,195740319744.0,15.859,1676.919,3.47,1603.349,0.0,2.171,84.47,48.08,55.541,183.37,-0.27
Europe,1929,,486994645.0,195740319744.0,16.758,1820.387,3.738,1738.324,0.0,2.643,84.47,48.08,62.661,183.37,-0.68
Europe,1930,,490628405.0,195740319744.0,16.585,1721.367,3.509,1610.12,0.0,3.815,84.47,48.08,90.847,183.37,0.43
Europe,1931,,494191548.0,195740319744.0,15.606,1606.804,3.252,1483.584,0.0,4.577,84.47,48.08,103.036,183.37,-0.54
Europe,1932,,497747399.0,195740319744.0,13.779,1493.113,3.0,1370.409,0.0,4.919,84.47,48.08,104.006,183.37,-0.1
Europe,1933,,501267150.0,195740319744.0,13.54,1537.475,3.067,1407.524,0.0,5.253,84.47,48.08,111.158,183.37,-0.62
Europe,1934,,504812851.0,195740319744.0,16.433,1682.503,3.333,1531.446,0.0,6.317,84.47,48.08,128.308,183.37,0.68
Europe,1935,,508382799.0,195740319744.0,18.72,1767.212,3.476,1604.503,0.0,6.711,84.47,48.08,137.278,183.37,0.01
Europe,1936,,511978332.0,195740319744.0,21.033,1876.963,3.666,1701.461,0.0,7.879,84.47,48.08,146.591,183.37,0.29
Europe,1937,,515602758.0,195740319744.0,22.177,2037.062,3.951,1857.466,0.0,7.831,84.47,48.08,149.587,183.37,0.54
Europe,1938,,519232424.0,195740319744.0,22.525,2046.48,3.942,1859.354,0.0,7.686,84.47,48.08,156.915,183.37,0.52
Europe,1939,,522824630.0,195740319744.0,17.278,2094.667,4.007,1922.249,0.0,7.14,84.47,48.08,147.999,183.37,0.15
Europe,1940,,525992802.0,195740319744.0,13.233,2228.41,4.237,2069.85,0.0,8.196,84.47,48.08,137.131,183.37,-1.06
Europe,1941,,528740902.0,195740319744.0,18.729,2143.351,4.054,2000.453,0.0,3.206,84.47,48.08,120.964,183.37,-1.07
Europe,1942,,531196939.0,195740319744.0,13.227,1996.628,3.759,1865.283,0.0,3.708,84.47,48.08,114.41,183.37,-0.91
Europe,1943,,533432475.0,195740319744.0,14.494,2003.256,3.756,1881.016,0.0,3.18,84.47,48.08,104.566,183.37,0.35
Europe,1944,,535796884.0,195740319744.0,6.835,1889.703,3.527,1753.766,0.0,2.517,84.47,48.08,126.584,183.37,0.05
Europe,1945,,537707230.0,195740319744.0,7.454,1233.813,2.295,1134.467,0.0,8.268,84.47,48.08,83.623,183.37,0.05
Europe,1946,,538899589.0,195740319744.0,14.505,1657.086,3.075,1521.642,0.0,9.194,84.47,48.08,111.746,183.37,0.17
Europe,1947,,540540048.0,195740319744.0,18.449,1907.846,3.53,1718.882,0.0,10.531,84.47,48.08,159.984,183.37,0.07
Europe,1948,,543024166.0,195740319744.0,24.102,2056.199,3.787,1817.907,0.0,14.224,84.47,48.08,199.967,183.37,0.27
Europe,1949,,545975196.0,195740319744.0,28.137,2242.969,4.108,1968.233,0.0,18.911,84.47,48.08,227.688,183.37,0.47
Europe,1950,,550217528.0,195740319744.0,32.806,2383.495,4.334,2057.77,0.0,19.997,84.47,48.08,272.921,183.37,0.28
Europe,1951,,555061176.0,195740319744.0,36.856,2630.407,4.741,2251.639,0.0,22.687,84.47,48.08,319.226,183.37,0.21
Europe,1952,,560119239.0,195740319744.0,40.054,2714.196,4.848,2299.445,0.0,25.206,84.47,48.08,349.49,183.37,-0.1
Europe,1953,,565576038.0,195740319744.0,44.577,2791.717,4.938,2333.933,0.0,30.051,84.47,48.08,383.156,183.37,0.23
Europe,1954,,571196738.0,195740319744.0,48.166,2970.267,5.202,2447.95,0.0,33.399,84.47,48.08,440.752,183.37,-0.27
Europe,1955,,576839468.0,195740319744.0,54.193,3233.961,5.608,2626.016,0.0,39.045,84.47,48.08,514.706,183.37,-0.09
Europe,1956,,582519126.0,195740319744.0,57.397,3445.533,5.917,2751.976,0.0,47.887,84.47,48.08,588.273,183.37,-1.09
Europe,1957,,588264855.0,195740319744.0,60.761,3593.582,6.111,2820.257,0.0,64.286,84.47,48.08,648.278,183.37,0.23
Europe,1958,,594232829.0,195740319744.0,64.126,3632.047,6.114,2762.464,0.0,83.932,84.47,48.08,721.526,183.37,-0.04
Europe,1959,,600259337.0,195740319744.0,72.47,3713.581,6.189,2734.221,0.0,103.64,84.47,48.08,803.249,183.37,0.33
Europe,1960,,606217567.0,195740319744.0,79.656,3964.489,6.542,2844.987,0.0,127.506,84.47,48.08,912.34,183.37,0.25
Europe,1961,,612306138.0,195740319744.0,87.269,4109.329,6.714,2862.131,0.0,156.501,84.47,48.08,1003.428,183.37,0.69
Europe,1962,,618273685.0,195740319744.0,93.813,4336.349,7.016,2907.216,0.319,187.68,84.47,48.08,1147.321,183.37,-0.21
Europe,1963,,623943385.0,195740319744.0,98.303,4609.368,7.39,3002.523,0.451,219.621,84.47,48.08,1288.47,183.37,-0.41
Europe,1964,,629557545.0,195740319744.0,109.858,4839.143,7.689,3021.598,0.531,259.65,84.47,48.08,1447.505,183.37,-0.14
Europe,1965,,634885240.0,195740319744.0,114.815,4981.444,7.849,2981.803,0.407,297.956,84.47,48.08,1586.463,183.37,-0.57
Europe,1966,,639887369.0,195740319744.0,122.368,5152.955,8.056,2945.149,0.22,332.594,84.47,48.08,1752.624,183.37,0.25
Europe,1967,,644742383.0,195740319744.0,128.254,5266.813,8.172,2881.986,0.264,373.108,84.47,48.08,1883.202,183.37,0.22
Europe,1968,,649242974.0,195740319744.0,134.926,5512.286,8.493,2895.639,0.465,424.218,84.47,48.08,2057.038,183.37,-0.04
Europe,1969,,653377711.0,195740319744.0,140.664,5812.373,8.899,2953.801,1.825,474.379,84.47,48.08,2241.704,183.37,-0.47
Europe,1970,,657164251.0,195740319744.0,148.421,6094.25,9.277,2926.773,3.294,500.783,84.47,48.08,2514.98,183.37,-0.14
Europe,1971,,661120687.0,195740319744.0,153.653,6322.978,9.568,2895.334,27.999,589.844,84.47,48.08,2656.147,183.37,0.01
Europe,1972,,665447565.0,195740319744.0,160.71,6551.978,9.85,2835.943,28.318,664.337,84.47,48.08,2862.668,183.37,0.02
Europe,1973,,669560034.0,195740319744.0,167.408,6844.567,10.226,2866.228,32.44,726.843,84.47,48.08,3051.648,183.37,-0.03
Europe,1974,,673561825.0,195740319744.0,167.236,6862.789,10.193,2859.153,34.912,800.863,84.47,48.08,3000.625,183.37,0.34
Europe,1975,,677416160.0,195740319744.0,166.316,6902.318,10.193,2866.956,37.278,868.927,84.47,48.08,2962.842,183.37,0.61
Europe,1976,,681010388.0,195740319744.0,170.788,7277.064,10.69,2979.246,40.351,948.494,84.47,48.08,3138.185,183.37,-0.45
Europe,1977,,684505423.0,195740319744.0,174.468,7333.317,10.717,2969.05,43.62,995.278,84.47,48.08,3150.901,183.37,0.02
Europe,1978,,687813865.0,195740319744.0,177.444,7565.874,11.004,2986.564,47.236,1045.459,84.47,48.08,3309.172,183.37,-0.47
Europe,1979,,690959643.0,195740319744.0,175.244,7745.535,11.214,3076.93,35.223,1109.481,84.47,48.08,3348.658,183.37,-0.06
Europe,1980,,694118828.0,195740319744.0,174.313,7749.543,11.169,3164.832,30.452,1139.29,84.47,48.08,3240.656,183.37,-0.54
Europe,1981,,697116693.0,195740319744.0,168.386,7467.951,10.717,3029.131,29.462,1181.031,84.47,48.08,3059.941,183.37,0.04
Europe,1982,,699916913.0,195740319744.0,163.907,7408.063,10.588,3039.322,27.653,1195.792,84.47,48.08,2981.388,183.37,0.26
Europe,1983,,702722575.0,195740319744.0,163.902,7414.517,10.555,3043.866,26.105,1261.32,84.47,48.08,2919.324,183.37,0.49
Europe,1984,,705518653.0,195740319744.0,158.307,7465.512,10.586,3040.977,25.294,1333.725,84.47,48.08,2907.209,183.37,0.06
Europe,1985,,708248300.0,195740319744.0,152.546,7789.581,11.003,3301.903,25.125,1422.877,84.47,48.08,2887.129,183.37,-0.68
Europe,1986,,711128857.0,195740319744.0,154.973,7802.543,10.976,3315.582,22.022,1372.316,84.47,48.08,2937.65,183.37,-0.12
Europe,1987,,714220717.0,195740319744.0,155.181,7824.348,10.959,3330.739,22.148,1514.343,84.47,48.08,2801.936,183.37,-0.62
Europe,1988,,717211203.0,195740319744.0,159.485,7863.65,10.969,3292.26,35.688,1580.751,84.47,48.08,2795.466,183.37,0.31
Europe,1989,,719885860.0,195740319744.0,161.609,7829.319,10.88,3210.738,34.509,1631.758,84.47,48.08,2790.705,183.37,1.08
Europe,1990,,722288309.0,195740319744.0,153.847,8033.274,11.126,2996.171,68.942,1748.011,1467.02,571.62,2962.189,8531.27,1.05
Europe,1991,,724402333.0,195740319744.0,142.813,7736.558,10.684,2791.496,66.137,1745.765,1424.99,546.05,2897.205,8356.71,0.22
Europe,1992,,726070329.0,195740319744.0,132.76,7095.027,9.776,2519.278,59.536,1725.549,1365.12,511.12,2572.539,7922.74,0.47
Europe,1993,,727268334.0,195740319744.0,119.946,6806.847,9.363,2399.574,54.116,1719.592,1325.23,490.84,2437.875,7533.82,0.02
Europe,1994,,727908035.0,195740319744.0,119.22,6447.159,8.861,2253.776,50.736,1652.429,1289.52,478.57,2300.294,7167.43,0.86
Europe,1995,,728163229.0,195740319744.0,120.954,6426.196,8.829,2236.027,53.644,1660.209,1259.02,467.49,2283.71,7108.66,0.64
Europe,1996,,728333991.0,195740319744.0,112.85,6473.222,8.891,2195.852,53.965,1746.785,1249.18,474.43,2297.053,7143.84,-0.14
Europe,1997,,728464341.0,195740319744.0,115.004,6268.281,8.608,2073.622,55.295,1700.895,1203.94,459.3,2257.702,6883.82,0.5
Europe,1998,,728360684.0,195740319744.0,117.145,6242.856,8.575,1983.008,54.814,1754.438,1190.46,432.58,2269.3,6830.3,0.62
Europe,1999,,728032049.0,195740319744.0,118.91,6159.448,8.464,1901.839,55.882,1776.758,1182.13,406.96,2241.608,6749.37,1.08
Europe,2000,,727919596.0,195740319744.0,122.166,6158.767,8.464,1965.518,56.039,1790.017,1179.47,404.01,2158.943,6783.35,1.28
Europe,2001,,727846044.0,195740319744.0,120.436,6286.35,8.641,1997.211,55.189,1834.128,1167.74,402.24,2213.646,6393.9,0.88
Europe,2002,,727924375.0,195740319744.0,121.474,6254.075,8.595,1974.031,65.535,1832.495,1167.4,398.3,2194.81,6373.31,1.12
Europe,2003,,728428191.0,195740319744.0,125.325,6398.656,8.788,2019.729,65.701,1919.543,1194.37,398.83,2200.627,6577.71,0.91
Europe,2004,,729184823.0,195740319744.0,132.759,6431.065,8.823,2004.665,69.71,1953.558,1181.74,398.16,2200.295,6551.93,0.77
Europe,2005,,729990437.0,195740319744.0,135.483,6421.119,8.8,1960.217,72.606,1974.011,1182.18,388.81,2208.567,6525.76,0.79
Europe,2006,,730916003.0,195740319744.0,141.673,6520.084,8.924,2037.609,74.289,1981.344,1169.94,379.31,2212.841,6576.33,1.06
Europe,2007,,732469869.0,195740319744.0,150.765,6476.66,8.846,2038.5,84.077,1980.871,1168.36,384.12,2148.975,6537.45,1.38
Europe,2008,,734351485.0,195740319744.0,139.353,6402.666,8.723,1964.492,68.295,2008.35,1160.84,381.07,2151.108,6433.81,1.27
Europe,2009,,736016704.0,195740319744.0,111.928,5889.053,8.005,1747.3,67.344,1858.958,1124.61,357.78,2046.686,5907.89,1.07
Europe,2010,,737409380.0,195740319744.0,113.903,6118.725,8.301,1815.784,77.502,2018.656,1141.7,350.45,2030.767,6123.63,0.59
Europe,2011,,738737660.0,195740319744.0,116.549,6044.58,8.186,1861.012,81.861,1943.486,1134.02,349.38,1976.63,5955.05,1.24
Europe,2012,,740067017.0,195740319744.0,112.318,5994.34,8.104,1904.943,82.342,1897.975,1126.26,346.83,1933.384,5884.07,0.98
Europe,2013,,741183688.0,195740319744.0,110.264,5835.885,7.877,1834.151,80.53,1845.801,1118.46,346.68,1901.752,5749.12,1.06
Europe,2014,,742194046.0,195740319744.0,112.758,5604.73,7.555,1724.987,69.318,1725.613,1111.4,352.39,1908.558,5506.32,1.79
Europe,2015,,743297647.0,195740319744.0,108.367,5605.937,7.546,1702.246,63.999,1713.48,1114.37,350.02,1955.607,5478.75,1.72
Europe,2016,,744519366.0,195740319744.0,106.214,5598.924,7.524,1607.415,66.554,1783.92,1129.21,353.42,1974.087,5950.55,1.48
Europe,2017,,745660845.0,195740319744.0,108.692,5630.62,7.555,1553.044,72.092,1839.59,1141.62,355.15,1995.517,5961.19,1.39
Europe,2018,,746578519.0,195740319744.0,109.76,5603.844,7.51,1516.126,79.504,1875.127,1163.42,351.65,1959.52,5980.72,1.87
Europe,2019,,747419066.0,195740319744.0,110.431,5426.624,7.264,1334.034,91.554,1865.546,1172.67,353.96,1963.848,5866.67,1.83
Europe,2020,,747463478.0,195740319744.0,107.095,5010.947,6.707,1166.725,84.657,1805.385,1172.67,353.96,1789.26,5866.67,2.16
Europe,2021,,746418539.0,195740319744.0,108.911,5306.228,7.112,1233.288,85.38,1936.246,1172.67,353.96,1884.735,5866.67,1.25
North America,1910,,130323390.0,1060805935104.0,0.007,1327.425,10.19,1213.817,0.0,24.901,0.0,0.0,86.353,0.01,-0.3
North America,1911,,130657307.0,1060805935104.0,0.007,1327.462,10.16,1204.467,0.0,25.703,0.0,0.0,95.011,0.01,-0.45
North America,1912,,132591969.0,1060805935104.0,0.007,1419.667,10.707,1291.197,0.0,28.304,0.0,0.0,97.811,0.01,-0.65
North America,1913,,134414963.0,1060805935104.0,0.008,1533.79,11.411,1381.9,0.0,29.543,0.0,0.0,119.919,0.01,-0.67
North America,1914,,136267979.0,1060805935104.0,0.008,1396.793,10.25,1238.447,0.0,30.092,0.0,0.0,125.972,0.01,-0.55
North America,1915,,138151532.0,1060805935104.0,0.008,1443.461,10.448,1272.13,0.0,31.807,0.0,0.0,137.096,0.01,0.14
North America,1916,,140066155.0,1060805935104.0,0.008,1613.036,11.516,1418.045,0.0,38.183,0.0,0.0,154.086,0.01,-0.66
North America,1917,,142012391.0,1060805935104.0,0.008,1782.873,12.554,1562.297,0.0,40.333,0.0,0.0,177.74,0.01,-1.29
North America,1918,,143926514.0,1060805935104.0,0.006,1868.648,12.983,1636.474,0.0,36.325,0.0,0.0,193.716,0.01,-0.74
North America,1919,,145917455.0,1060805935104.0,0.007,1596.982,10.944,1332.707,0.0,37.538,0.0,0.0,224.53,0.01,-0.54
North America,1920,,149928722.0,1060805935104.0,0.009,1899.938,12.677,1546.886,0.0,40.601,0.0,0.0,310.095,0.01,-0.65
North America,1921,,150134079.0,1060805935104.0,0.009,1595.441,10.627,1219.552,0.0,33.709,0.0,0.0,340.485,0.01,0.09
North America,1922,,152361942.0,1060805935104.0,0.01,1591.5,10.446,1178.114,0.0,38.725,0.0,0.0,372.23,0.01,-0.51
North America,1923,,154670977.0,1060805935104.0,0.012,2062.964,13.338,1599.292,0.0,50.974,0.0,0.0,409.972,0.01,-0.29
North America,1924,,157016254.0,1060805935104.0,0.013,1845.232,11.752,1386.751,0.0,57.616,0.0,0.0,398.138,0.01,-0.51
North America,1925,,159398373.0,1060805935104.0,14.206,1892.464,11.873,1412.295,0.0,60.471,0.0,0.0,402.411,0.01,-0.23
North America,1926,,161817945.0,1060805935104.0,14.506,2038.049,12.595,1557.5,0.0,66.355,0.0,0.0,396.68,0.01,0.07
North America,1927,,164275590.0,1060805935104.0,15.066,1989.375,12.11,1461.438,0.0,73.071,0.0,0.0,436.865,0.01,-0.35
North America,1928,,166771937.0,1060805935104.0,16.391,1953.542,11.714,1413.7,0.0,79.249,0.0,0.0,441.268,0.01,0.2
North America,1929,,169105181.0,1060805935104.0,16.071,2090.135,12.36,1490.485,0.0,97.624,0.0,0.0,483.094,0.01,-0.43
North America,1930,,173462178.0,1060805935104.0,15.213,1865.708,10.76,1320.115,0.0,98.902,0.0,0.0,429.204,0.01,0.02
North America,1931,,173266637.0,1060805935104.0,11.609,1582.641,9.134,1084.444,0.0,86.068,0.0,0.0,398.687,0.01,0.77
North America,1932,,175086803.0,1060805935104.0,7.019,1349.432,7.707,893.278,0.0,79.666,0.0,0.0,368.149,0.01,-0.23
North America,1933,,176727769.0,1060805935104.0,5.776,1441.268,8.155,947.529,0.0,80.183,0.0,0.0,406.24,0.01,-0.42
North America,1934,,178387783.0,1060805935104.0,7.172,1542.144,8.645,1030.557,0.0,90.677,0.0,0.0,412.124,0.01,0.23
North America,1935,,180067126.0,1060805935104.0,7.08,1600.23,8.887,1047.467,0.0,98.723,0.0,0.0,444.979,0.01,-0.41
North America,1936,,181766077.0,1060805935104.0,10.48,1830.101,10.068,1215.118,0.0,111.609,0.0,0.0,490.399,0.01,-0.43
North America,1937,,183484935.0,1060805935104.0,11.022,1921.54,10.472,1221.51,0.0,124.921,0.0,0.0,561.373,0.01,0.03
North America,1938,,185223993.0,1060805935104.0,9.857,1637.473,8.84,975.333,0.0,119.666,0.0,0.0,530.416,0.01,0.48
North America,1939,,187271895.0,1060805935104.0,11.447,1801.381,9.619,1100.843,0.0,128.577,0.0,0.0,557.653,0.01,0.3
North America,1940,,192101902.0,1060805935104.0,12.381,2020.248,10.521,1255.146,0.0,138.733,0.0,0.0,610.76,0.01,0.45
North America,1941,,192330307.0,1060805935104.0,15.53,2199.556,11.436,1390.1,0.0,146.348,0.0,0.0,643.543,0.01,0.62
North America,1942,,195359493.0,1060805935104.0,17.186,2360.994,12.085,1565.812,0.0,158.75,0.0,0.0,615.212,0.01,0.3
North America,1943,,198734873.0,1060805935104.0,13.004,2442.646,12.291,1583.347,0.0,176.392,0.0,0.0,665.576,0.01,0.13
North America,1944,,202178094.0,1060805935104.0,8.998,2620.185,12.96,1657.371,0.0,190.986,0.0,0.0,758.502,0.01,0.43
North America,1945,,205690780.0,1060805935104.0,10.277,2528.343,12.292,1523.553,0.0,202.392,0.0,0.0,788.16,0.01,-0.04
North America,1946,,209274581.0,1060805935104.0,16.074,2437.711,11.648,1406.345,0.0,208.196,0.0,0.0,803.134,0.01,0.21
North America,1947,,212931202.0,1060805935104.0,18.247,2676.702,12.571,1559.638,0.0,229.842,0.0,0.0,864.427,0.01,0.21
North America,1948,,216662395.0,1060805935104.0,20.267,2790.327,12.879,1553.296,0.0,258.023,0.0,0.0,953.9,0.01,-0.22
North America,1949,,220592466.0,1060805935104.0,20.874,2352.856,10.666,1166.421,0.0,271.546,0.0,0.0,889.835,0.01,-0.14
North America,1950,,217078493.0,1060805935104.0,22.44,2744.778,12.657,1356.235,45.8,325.222,0.0,0.0,990.094,0.01,-0.55
North America,1951,,220921951.0,1060805935104.0,24.49,2840.785,12.861,1311.059,46.379,382.859,0.0,0.0,1070.496,0.01,-0.45
North America,1952,,225040618.0,1060805935104.0,24.93,2768.315,12.304,1166.979,49.468,409.929,0.0,0.0,1111.655,0.01,0.47
North America,1953,,229381691.0,1060805935104.0,26.504,2832.062,12.349,1152.006,48.555,431.185,0.0,0.0,1167.356,0.01,0.7
North America,1954,,234024926.0,1060805935104.0,27.202,2718.353,11.618,996.425,42.7,453.145,0.0,0.0,1193.16,0.01,0.35
North America,1955,,238891598.0,1060805935104.0,30.135,2966.39,12.42,1101.37,48.544,489.919,0.0,0.0,1289.453,0.01,-0.24
North America,1956,,243833832.0,1060805935104.0,32.475,3124.206,12.815,1149.854,54.385,517.961,0.0,0.0,1362.49,0.01,-0.35
North America,1957,,248844412.0,1060805935104.0,31.745,3103.421,12.474,1092.359,53.806,555.299,0.0,0.0,1363.391,0.01,0.08
North America,1958,,254195090.0,1060805935104.0,32.588,3022.85,11.894,948.779,45.613,589.99,0.0,0.0,1399.719,0.01,0.29
North America,1959,,259556906.0,1060805935104.0,35.162,3115.07,12.004,967.939,42.741,617.037,0.0,0.0,1443.903,0.01,-0.26
North America,1960,,264916376.0,1060805935104.0,33.603,3189.289,12.051,971.367,42.209,659.412,0.0,0.0,1474.117,0.01,0.11
North America,1961,,269992478.0,1060805935104.0,33.895,3184.527,11.797,937.195,39.348,669.017,0.0,0.0,1496.27,0.01,-0.3
North America,1962,,275281702.0,1060805935104.0,35.537,3309.561,12.025,971.834,31.825,715.828,0.0,0.0,1545.368,0.01,0.07
North America,1963,,280538351.0,1060805935104.0,37.395,3442.484,12.273,1038.051,31.103,754.08,0.0,0.0,1572.172,0.01,0.2
North America,1964,,285767926.0,1060805935104.0,39.836,3621.234,12.675,1105.695,30.521,808.777,0.0,0.0,1625.696,0.01,-0.46
North America,1965,,290870105.0,1060805935104.0,40.316,3771.646,12.97,1149.213,27.308,838.662,0.0,0.0,1704.998,0.01,-0.36
North America,1966,,295724864.0,1060805935104.0,42.23,3956.489,13.382,1190.049,31.137,904.29,0.0,0.0,1776.754,0.01,-0.45
North America,1967,,300431421.0,1060805935104.0,41.139,4127.169,13.741,1225.788,36.372,949.085,0.0,0.0,1862.829,0.01,-0.26
North America,1968,,305159077.0,1060805935104.0,43.646,4289.585,14.06,1206.267,37.919,1014.778,0.0,0.0,1974.579,0.01,-0.25
North America,1969,,310053134.0,1060805935104.0,44.546,4501.899,14.523,1223.62,38.908,1099.056,0.0,0.0,2082.347,0.01,-0.04
North America,1970,,315691695.0,1060805935104.0,43.977,4862.633,15.419,1233.936,42.587,1146.035,0.0,0.0,2382.968,0.01,-0.24
North America,1971,,321049543.0,1060805935104.0,45.232,4916.293,15.317,1170.947,31.712,1187.981,0.0,0.0,2467.366,0.01,-0.33
North America,1972,,326320039.0,1060805935104.0,47.802,5162.334,15.824,1195.339,27.652,1217.345,0.0,0.0,2660.699,0.01,-0.97
North America,1973,,331321157.0,1060805935104.0,49.383,5397.348,16.295,1281.911,26.912,1284.262,0.0,0.0,2740.797,0.01,0.18
North America,1974,,336273223.0,1060805935104.0,49.906,5251.511,15.621,1259.109,25.945,1246.043,0.0,0.0,2656.132,0.01,-0.34
North America,1975,,341300296.0,1060805935104.0,43.784,5128.156,15.03,1267.69,24.091,1157.075,0.0,0.0,2622.753,0.01,-0.36
North America,1976,,346309935.0,1060805935104.0,46.195,5434.76,15.698,1352.104,25.091,1190.726,0.0,0.0,2807.147,0.01,-0.01
North America,1977,,351506528.0,1060805935104.0,48.188,5591.238,15.912,1393.518,20.53,1174.087,0.0,0.0,2941.637,0.01,0.62
North America,1978,,357016142.0,1060805935104.0,50.755,5677.21,15.907,1399.74,24.476,1188.926,0.0,0.0,2999.744,0.01,-0.22
North America,1979,,362654436.0,1060805935104.0,52.381,5792.579,15.978,1520.993,23.472,1240.318,0.0,0.0,2941.48,0.01,-0.17
North America,1980,,368574942.0,1060805935104.0,49.444,5621.263,15.268,1545.892,23.588,1221.148,0.0,0.0,2768.575,0.01,0.49
North America,1981,,373589053.0,1060805935104.0,48.86,5495.717,14.716,1595.514,24.015,1196.091,0.0,0.0,2618.695,0.01,1.27
North America,1982,,378615781.0,1060805935104.0,44.865,5263.806,13.908,1548.357,30.984,1130.421,0.0,0.0,2499.79,0.01,-0.54
North America,1983,,383734903.0,1060805935104.0,45.744,5203.724,13.565,1609.37,26.04,1074.848,0.0,0.0,2437.819,0.01,0.01
North America,1984,,388847666.0,1060805935104.0,49.321,5462.064,14.052,1730.039,24.05,1143.767,0.0,0.0,2504.325,0.01,0.11
North America,1985,,393949236.0,1060805935104.0,49.725,5465.377,13.878,1768.118,24.109,1115.809,0.0,0.0,2497.2,0.01,0.03
North America,1986,,399045023.0,1060805935104.0,50.756,5450.29,13.663,1741.044,21.055,1039.687,0.0,0.0,2588.139,0.01,0.48
North America,1987,,404153729.0,1060805935104.0,53.564,5656.673,14.002,1821.145,22.585,1099.222,0.0,0.0,2649.667,0.01,1.09
North America,1988,,409453275.0,1060805935104.0,53.546,5906.294,14.43,1910.898,20.996,1148.601,0.0,0.0,2760.884,0.01,0.6
North America,1989,,415061982.0,1060805935104.0,53.837,6018.308,14.505,1933.576,18.535,1226.403,0.0,0.0,2774.514,0.01,-0.06
North America,1990,,421575397.0,1060805935104.0,54.372,5993.93,14.233,1930.965,62.399,1212.549,884.73,341.91,2705.618,6667.0,0.3
North America,1991,,427934509.0,1060805935104.0,52.197,5940.2,13.886,1918.33,62.075,1234.085,889.16,339.2,2645.897,6629.54,0.66
North America,1992,,434703257.0,1060805935104.0,52.877,6065.396,13.958,1940.177,63.236,1279.57,895.5,344.19,2702.383,6733.25,0.17
North America,1993,,441450384.0,1060805935104.0,55.585,6171.408,13.985,1997.834,62.937,1313.143,896.07,346.93,2715.421,6852.09,0.19
North America,1994,,448069901.0,1060805935104.0,59.479,6295.624,14.056,2018.186,64.316,1346.508,910.47,355.72,2779.172,6993.08,0.41
North America,1995,,454557639.0,1060805935104.0,58.47,6357.527,13.991,2041.545,64.468,1402.725,908.15,358.51,2759.445,7058.73,0.45
North America,1996,,460925637.0,1060805935104.0,59.821,6582.797,14.287,2126.966,69.781,1437.003,912.05,370.26,2857.023,7274.48,-0.01
North America,1997,,467334865.0,1060805935104.0,62.717,6701.182,14.345,2179.563,72.897,1446.937,903.11,360.79,2906.628,7575.23,0.46
North America,1998,,473719801.0,1060805935104.0,64.444,6772.838,14.303,2211.21,71.509,1428.643,906.27,362.04,2963.73,7682.24,1.66
North America,1999,,479976626.0,1060805935104.0,66.236,6867.972,14.314,2212.707,65.726,1450.3,881.91,351.86,3039.601,7664.82,1.06
North America,2000,,486364446.0,1060805935104.0,68.712,7113.878,14.641,2323.645,66.205,1527.093,879.74,348.82,3097.894,7876.23,0.76
North America,2001,,492319208.0,1060805935104.0,68.311,7021.613,14.276,2260.485,63.354,1470.888,868.29,340.15,3129.146,7971.38,1.18
North America,2002,,498067243.0,1060805935104.0,70.894,7073.592,14.216,2267.507,61.773,1528.154,869.1,340.82,3115.429,7854.53,0.72
North America,2003,,503641588.0,1060805935104.0,71.395,7186.932,14.284,2316.448,61.329,1506.96,878.67,352.53,3202.086,7973.02,0.95
North America,2004,,509273976.0,1060805935104.0,74.921,7285.651,14.32,2324.201,60.077,1512.092,879.16,352.68,3283.605,8062.77,0.49
North America,2005,,514942529.0,1060805935104.0,76.963,7332.227,14.253,2356.772,60.725,1499.033,885.76,360.33,3306.94,8130.76,1.25
North America,2006,,520586895.0,1060805935104.0,79.352,7267.868,13.974,2322.241,63.67,1500.724,892.4,359.95,3268.473,8057.15,1.54
North America,2007,,526315123.0,1060805935104.0,79.642,7379.332,14.034,2345.151,69.412,1590.568,899.43,373.04,3262.32,8217.79,0.82
North America,2008,,532006442.0,1060805935104.0,74.67,7160.439,13.472,2294.236,85.789,1595.249,906.98,357.77,3079.308,8010.07,0.32
North America,2009,,537567761.0,1060805935104.0,59.76,6673.073,12.425,2010.687,78.29,1572.422,895.2,347.44,2923.999,7550.94,0.51
North America,2010,,543052879.0,1060805935104.0,61.435,6879.333,12.68,2133.88,71.859,1638.504,914.83,355.44,2940.547,7848.15,1.7
North America,2011,,548684151.0,1060805935104.0,63.077,6775.451,12.36,2021.197,71.659,1681.593,925.99,370.94,2905.844,7573.35,0.98
North America,2012,,554435782.0,1060805935104.0,67.576,6591.991,11.901,1794.59,77.701,1750.58,936.81,366.51,2868.276,7367.29,1.58
North America,2013,,560056144.0,1060805935104.0,67.187,6726.553,12.022,1856.268,84.383,1802.383,937.48,372.66,2883.001,7509.56,0.57
North America,2014,,565486685.0,1060805935104.0,71.263,6763.079,11.971,1844.074,90.938,1830.338,971.54,367.76,2891.533,7552.36,0.69
North America,2015,,570726015.0,1060805935104.0,73.023,6617.363,11.605,1610.143,91.33,1881.863,981.25,368.24,2927.435,7464.0,1.27
North America,2016,,576008328.0,1060805935104.0,73.738,6473.23,11.248,1478.221,77.789,1881.162,965.06,377.82,2931.396,7461.92,2.0
North America,2017,,581258143.0,1060805935104.0,75.813,6425.781,11.065,1437.895,81.739,1857.397,984.31,379.31,2942.885,7418.35,1.52
North America,2018,,585864285.0,1060805935104.0,74.562,6614.565,11.294,1373.504,96.218,2057.277,1031.68,382.36,2986.144,7630.5,0.84
North America,2019,,590497015.0,1060805935104.0,75.227,6500.85,11.013,1185.216,113.154,2105.849,1068.18,379.85,2992.945,7515.65,1.03
North America,2020,,594263186.0,1060805935104.0,75.718,5805.619,9.773,958.647,95.12,2064.198,1068.18,379.85,2584.555,7515.65,1.14
North America,2021,,597123384.0,1060805935104.0,77.944,6137.9,10.283,1079.314,96.447,2069.219,1068.18,379.85,2787.595,7515.65,1.59
Oceania,1910,,6992770.0,449338998784.0,0.0,22.339,3.195,22.339,0.0,0.0,4.54,3.4,0.0,26.98,-0.27
Oceania,1911,,7007324.0,449338998784.0,0.0,23.849,3.4,23.849,0.0,0.0,4.54,3.4,0.0,26.98,-0.36
Oceania,1912,,7082081.0,449338998784.0,0.0,25.648,3.618,25.648,0.0,0.0,4.54,3.4,0.0,26.98,0.04
Oceania,1913,,7151382.0,449338998784.0,0.0,26.604,3.717,26.604,0.0,0.0,4.54,3.4,0.0,26.98,-0.48
Oceania,1914,,7224692.0,449338998784.0,0.0,29.561,4.088,29.561,0.0,0.0,4.54,3.4,0.0,26.98,0.37
Oceania,1915,,7301983.0,449338998784.0,0.0,26.725,3.657,26.725,0.0,0.0,4.54,3.4,0.0,26.98,0.28
Oceania,1916,,7383233.0,449338998784.0,0.0,24.311,3.29,24.311,0.0,0.0,4.54,3.4,0.0,26.98,-0.26
Oceania,1917,,7468413.0,449338998784.0,0.0,25.377,3.395,25.377,0.0,0.0,4.54,3.4,0.0,26.98,-0.85
Oceania,1918,,7555613.0,449338998784.0,0.0,27.484,3.634,27.484,0.0,0.0,4.54,3.4,0.0,26.98,-0.39
Oceania,1919,,7653152.0,449338998784.0,0.0,25.868,3.377,25.868,0.0,0.0,4.54,3.4,0.0,26.98,0.14
Oceania,1920,,7829777.0,449338998784.0,0.0,29.29,3.742,29.29,0.0,0.0,4.54,3.4,0.0,26.98,-0.32
Oceania,1921,,7878061.0,449338998784.0,0.0,26.652,3.38,26.652,0.0,0.0,4.54,3.4,0.0,26.98,-0.04
Oceania,1922,,8004880.0,449338998784.0,0.0,27.905,3.483,27.905,0.0,0.0,4.54,3.4,0.0,26.98,-0.19
Oceania,1923,,8140937.0,449338998784.0,0.0,28.685,3.521,28.685,0.0,0.0,4.54,3.4,0.0,26.98,-0.16
Oceania,1924,,8279924.0,449338998784.0,0.0,31.06,3.748,31.06,0.0,0.0,4.54,3.4,0.0,26.98,-0.45
Oceania,1925,,8421892.0,449338998784.0,0.0,32.324,3.835,32.324,0.0,0.0,4.54,3.4,0.0,26.98,-0.56
Oceania,1926,,8566874.0,449338998784.0,0.0,32.126,3.747,32.126,0.0,0.0,4.54,3.4,0.0,26.98,-0.04
Oceania,1927,,8714921.0,449338998784.0,0.0,33.39,3.828,33.39,0.0,0.0,4.54,3.4,0.0,26.98,-0.23
Oceania,1928,,8866077.0,449338998784.0,0.48,31.001,3.494,30.521,0.0,0.0,4.54,3.4,0.0,26.98,0.15
Oceania,1929,,9009340.0,449338998784.0,0.454,28.546,3.166,28.092,0.0,0.0,4.54,3.4,0.0,26.98,-0.48
Oceania,1930,,9217159.0,449338998784.0,0.443,26.894,2.919,26.45,0.0,0.0,4.54,3.4,0.0,26.98,-0.06
Oceania,1931,,9272466.0,449338998784.0,0.273,23.784,2.563,23.508,0.0,0.0,4.54,3.4,0.004,26.98,-0.31
Oceania,1932,,9392474.0,449338998784.0,0.196,23.88,2.541,23.68,0.0,0.0,4.54,3.4,0.004,26.98,-0.28
Oceania,1933,,9504882.0,449338998784.0,0.247,25.126,2.642,24.875,0.0,0.0,4.54,3.4,0.004,26.98,-0.28
Oceania,1934,,9620825.0,449338998784.0,0.207,26.68,2.771,26.469,0.0,0.0,4.54,3.4,0.004,26.98,-0.21
Oceania,1935,,9740373.0,449338998784.0,0.338,29.379,3.014,29.037,0.0,0.0,4.54,3.4,0.004,26.98,-0.26
Oceania,1936,,9863614.0,449338998784.0,0.4,31.225,3.163,30.822,0.0,0.0,4.54,3.4,0.004,26.98,-0.06
Oceania,1937,,9990631.0,449338998784.0,0.451,33.236,3.324,32.782,0.0,0.0,4.54,3.4,0.004,26.98,-0.07
Oceania,1938,,10121536.0,449338998784.0,0.287,32.281,3.187,31.99,0.0,0.0,4.54,3.4,0.004,26.98,0.24
Oceania,1939,,10268662.0,449338998784.0,0.454,36.603,3.562,36.149,0.0,0.0,4.54,3.4,0.0,26.98,-0.32
Oceania,1940,,10508525.0,449338998784.0,0.458,33.797,3.218,33.339,0.0,0.0,4.54,3.4,0.0,26.98,-0.06
Oceania,1941,,10613215.0,449338998784.0,0.451,39.546,3.724,39.095,0.0,0.0,4.54,3.4,0.0,26.98,-0.12
Oceania,1942,,10811502.0,449338998784.0,0.389,41.598,3.845,41.209,0.0,0.0,4.54,3.4,0.0,26.98,0.16
Oceania,1943,,11027725.0,449338998784.0,0.309,40.36,3.658,40.051,0.0,0.0,4.54,3.4,0.0,26.98,-0.4
Oceania,1944,,11250125.0,449338998784.0,0.331,39.678,3.525,39.348,0.0,0.0,4.54,3.4,0.0,26.98,-0.18
Oceania,1945,,11478907.0,449338998784.0,0.465,38.314,3.336,37.849,0.0,0.0,4.54,3.4,0.0,26.98,-0.13
Oceania,1946,,11714287.0,449338998784.0,0.476,40.952,3.494,40.476,0.0,0.0,4.54,3.4,0.0,26.98,-0.38
Oceania,1947,,11956492.0,449338998784.0,0.552,43.465,3.633,42.913,0.0,0.0,4.54,3.4,0.0,26.98,-0.23
Oceania,1948,,12205760.0,449338998784.0,0.632,43.923,3.596,43.29,0.0,0.0,4.54,3.4,0.0,26.98,-0.32
Oceania,1949,,12465911.0,449338998784.0,0.658,43.255,3.468,42.594,0.0,0.0,4.54,3.4,0.004,26.98,-0.67
Oceania,1950,,12578030.0,449338998784.0,0.76,63.714,5.098,50.113,0.0,0.0,4.54,3.4,12.842,26.98,-0.36
Oceania,1951,,12910351.0,449338998784.0,0.691,67.687,5.277,51.63,0.0,0.0,4.54,3.4,15.366,26.98,-0.2
Oceania,1952,,13224304.0,449338998784.0,0.803,70.254,5.346,53.465,0.0,0.0,4.54,3.4,15.986,26.98,-0.24
Oceania,1953,,13522000.0,449338998784.0,0.927,68.667,5.11,54.092,0.0,0.0,4.54,3.4,13.648,26.98,-0.22
Oceania,1954,,13819174.0,449338998784.0,1.105,77.701,5.658,57.298,0.0,0.0,4.54,3.4,19.298,26.98,-0.17
Oceania,1955,,14140071.0,449338998784.0,1.188,81.152,5.775,57.503,0.0,0.0,4.54,3.4,22.46,26.98,-0.23
Oceania,1956,,14479634.0,449338998784.0,1.279,84.276,5.856,58.081,0.0,0.0,4.54,3.4,24.916,26.98,-0.57
Oceania,1957,,14820933.0,449338998784.0,1.414,86.298,5.858,58.284,0.0,0.0,4.54,3.4,26.6,26.98,0.14
Oceania,1958,,15162130.0,449338998784.0,1.49,88.946,5.902,59.203,0.0,0.0,4.54,3.4,28.253,26.98,0.25
Oceania,1959,,15506698.0,449338998784.0,1.57,95.053,6.166,63.321,0.0,0.0,4.54,3.4,30.162,26.98,0.32
Oceania,1960,,15859743.0,449338998784.0,1.686,100.973,6.404,66.223,0.0,0.0,4.54,3.4,33.064,26.98,-0.28
Oceania,1961,,16213869.0,449338998784.0,1.737,103.677,6.432,67.076,0.0,0.0,4.54,3.4,34.864,26.98,0.21
Oceania,1962,,16557077.0,449338998784.0,1.763,107.209,6.514,67.509,0.0,0.004,4.54,3.4,37.933,26.98,0.05
Oceania,1963,,16899883.0,449338998784.0,1.897,114.488,6.815,70.209,0.0,0.007,4.54,3.4,42.375,26.98,-0.05
Oceania,1964,,17248725.0,449338998784.0,2.195,124.049,7.235,74.254,0.0,0.007,4.54,3.4,47.592,26.98,-0.08
Oceania,1965,,17609458.0,449338998784.0,2.315,136.725,7.811,77.715,0.0,0.007,4.54,3.4,56.688,26.98,0.16
Oceania,1966,,17976052.0,449338998784.0,2.272,136.762,7.654,78.186,0.0,0.007,4.54,3.4,56.297,26.98,-0.23
Oceania,1967,,18320665.0,449338998784.0,2.315,145.475,7.988,81.508,0.0,0.007,4.54,3.4,61.644,26.98,-0.09
Oceania,1968,,18657991.0,449338998784.0,2.344,151.161,8.151,82.358,0.0,0.011,4.54,3.4,66.448,26.98,-0.17
Oceania,1969,,19020565.0,449338998784.0,2.551,159.429,8.432,83.829,0.0,0.487,4.54,3.4,72.562,26.98,0.18
Oceania,1970,,19480682.0,449338998784.0,2.668,165.833,8.564,80.328,0.018,2.96,4.54,3.4,79.859,26.98,0.1
Oceania,1971,,20023056.0,449338998784.0,2.765,172.156,8.649,79.72,0.026,4.364,4.54,3.4,85.281,26.98,-0.07
Oceania,1972,,20481057.0,449338998784.0,2.933,177.757,8.732,82.72,0.04,6.266,4.54,3.4,85.798,26.98,0.25
Oceania,1973,,20852770.0,449338998784.0,3.2,194.303,9.375,85.315,0.048,6.991,4.54,3.4,98.75,26.98,0.6
Oceania,1974,,21213318.0,449338998784.0,3.213,196.738,9.332,91.137,0.055,8.284,4.54,3.4,94.049,26.98,-0.33
Oceania,1975,,21537776.0,449338998784.0,3.097,199.432,9.317,92.509,0.066,8.973,4.54,3.4,94.787,26.98,0.04
Oceania,1976,,21820768.0,449338998784.0,3.077,198.478,9.153,94.473,0.128,10.944,4.54,3.4,89.856,26.98,-0.38
Oceania,1977,,22089877.0,449338998784.0,3.018,213.262,9.716,101.695,0.172,13.784,4.54,3.4,94.593,26.98,0.18
Oceania,1978,,22356009.0,449338998784.0,2.955,224.616,10.112,108.624,0.088,16.492,4.54,3.4,96.457,26.98,0.05
Oceania,1979,,22623402.0,449338998784.0,3.059,226.508,10.077,111.375,0.172,17.294,4.54,3.4,94.608,26.98,0.47
Oceania,1980,,22920632.0,449338998784.0,3.11,243.549,10.696,122.368,0.381,19.492,4.54,3.4,98.197,26.98,0.69
Oceania,1981,,23268830.0,449338998784.0,3.513,252.115,10.908,125.389,0.077,22.523,4.54,3.4,100.613,26.98,0.4
Oceania,1982,,23646422.0,449338998784.0,3.32,257.184,10.952,127.716,0.103,26.392,4.54,3.4,99.653,26.98,0.21
Oceania,1983,,24011447.0,449338998784.0,2.879,247.744,10.391,126.91,0.539,26.982,4.54,3.4,90.435,26.98,0.54
Oceania,1984,,24357734.0,449338998784.0,3.218,260.625,10.778,132.531,0.337,29.645,4.54,3.4,94.894,26.98,-0.13
Oceania,1985,,24704912.0,449338998784.0,3.514,268.315,10.943,140.219,0.352,37.017,4.54,3.4,87.213,26.98,0.31
Oceania,1986,,25069550.0,449338998784.0,3.487,268.046,10.775,138.456,0.319,36.33,4.54,3.4,89.455,26.98,0.36
Oceania,1987,,25459682.0,449338998784.0,3.439,285.6,11.306,151.963,0.256,36.886,4.54,3.4,93.056,26.98,0.37
Oceania,1988,,25868614.0,449338998784.0,3.655,291.92,11.376,155.915,0.348,38.367,4.54,3.4,93.635,26.98,0.8
Oceania,1989,,26286142.0,449338998784.0,3.863,308.59,11.836,166.568,0.535,39.243,4.54,3.4,98.381,26.98,0.19
Oceania,1990,,26744211.0,449338998784.0,3.97,309.475,11.668,147.035,7.732,41.744,178.98,98.83,106.341,629.51,0.58
Oceania,1991,,27214477.0,449338998784.0,3.69,311.595,11.545,151.104,7.556,40.887,179.44,97.6,105.672,630.23,0.6
Oceania,1992,,27637470.0,449338998784.0,3.471,318.629,11.624,155.35,7.844,42.54,178.21,96.55,106.548,633.1,0.25
Oceania,1993,,28038745.0,449338998784.0,3.563,322.878,11.611,155.46,7.655,43.99,177.81,96.22,109.105,635.66,0.38
Oceania,1994,,28455275.0,449338998784.0,4.056,328.003,11.622,156.592,7.421,44.809,180.68,96.48,111.586,644.09,0.3
Oceania,1995,,28905477.0,449338998784.0,3.974,339.448,11.84,160.899,7.561,47.037,181.08,96.91,116.487,656.76,0.29
Oceania,1996,,29379071.0,449338998784.0,3.828,347.963,11.943,165.689,7.428,48.14,174.72,90.64,119.297,656.12,0.56
Oceania,1997,,29846703.0,449338998784.0,3.796,358.386,12.111,172.967,7.401,50.575,187.97,94.28,119.764,682.56,0.41
Oceania,1998,,30299542.0,449338998784.0,4.001,371.039,12.353,182.49,7.607,51.749,178.5,93.99,121.08,694.35,0.98
Oceania,1999,,30753529.0,449338998784.0,4.09,381.939,12.531,188.175,7.781,54.953,195.16,112.05,122.58,736.65,0.45
Oceania,2000,,31223133.0,449338998784.0,4.23,389.394,12.584,190.885,8.546,56.328,199.91,118.44,125.303,756.21,0.19
Oceania,2001,,31714944.0,449338998784.0,4.113,399.522,12.71,196.182,8.785,60.051,208.82,128.94,126.145,765.64,0.31
Oceania,2002,,32230343.0,449338998784.0,4.079,404.741,12.668,197.303,8.594,60.731,203.96,123.87,129.408,764.53,0.79
Oceania,2003,,32756845.0,449338998784.0,4.158,415.201,12.784,203.956,7.769,58.498,165.94,85.47,136.191,690.49,0.78
Oceania,2004,,33278789.0,449338998784.0,4.088,428.969,12.998,210.942,7.721,60.026,183.09,105.38,141.545,742.45,0.59
Oceania,2005,,33813365.0,449338998784.0,4.288,433.884,12.936,210.285,7.824,62.336,163.17,82.25,144.471,705.61,1.08
Oceania,2006,,34395875.0,449338998784.0,4.479,439.969,12.892,213.906,8.005,63.641,184.52,104.34,145.399,753.5,0.59
Oceania,2007,,35044174.0,449338998784.0,4.706,448.335,12.891,210.895,8.525,69.568,179.61,97.34,149.84,751.8,0.74
Oceania,2008,,35745111.0,449338998784.0,4.554,452.336,12.748,213.596,8.725,69.888,162.01,80.49,150.799,721.27,0.5
Oceania,2009,,36448615.0,449338998784.0,4.468,452.653,12.508,213.091,9.333,70.872,167.54,85.57,150.391,736.11,0.95
Oceania,2010,,37103109.0,449338998784.0,4.167,451.557,12.255,207.202,9.696,72.939,156.81,72.95,152.848,706.2,0.56
Oceania,2011,,37730469.0,449338998784.0,4.079,450.215,12.014,198.82,9.334,74.409,207.07,126.41,158.816,744.0,0.19
Oceania,2012,,38383766.0,449338998784.0,4.134,454.1,11.91,197.244,9.659,76.309,207.34,126.32,162.189,746.88,0.39
Oceania,2013,,39057783.0,449338998784.0,3.926,445.829,11.49,183.591,10.037,78.281,171.7,83.39,165.787,662.52,1.25
Oceania,2014,,39729340.0,449338998784.0,3.797,444.417,11.258,175.36,11.045,80.992,184.23,95.44,168.515,679.99,1.03
Oceania,2015,,40403644.0,449338998784.0,3.74,452.418,11.268,181.536,12.314,81.159,180.9,92.41,168.942,681.51,1.03
Oceania,2016,,41101240.0,449338998784.0,3.46,461.105,11.288,186.44,13.768,83.806,164.77,77.36,169.051,760.17,1.13
Oceania,2017,,41817267.0,449338998784.0,3.503,465.584,11.201,184.316,16.045,85.664,187.27,99.32,171.551,810.36,1.05
Oceania,2018,,42540030.0,449338998784.0,3.393,468.674,11.083,177.117,18.006,88.107,186.88,97.18,177.541,804.97,1.06
Oceania,2019,,43278474.0,449338998784.0,3.48,470.359,10.931,172.941,21.176,90.747,181.07,90.72,177.487,793.57,1.31
Oceania,2020,,43933757.0,449338998784.0,3.229,452.186,10.351,164.507,18.156,93.151,181.07,90.72,168.835,793.57,1.11
Oceania,2021,,44492065.0,449338998784.0,3.229,443.192,10.017,160.352,18.177,84.691,181.07,90.72,172.434,793.57,0.69
South America,1910,,50638665.0,673272168448.0,0.0,17.246,0.341,16.719,0.0,0.0,80.22,18.61,0.528,562.19,-0.33
South America,1911,,51634886.0,673272168448.0,0.0,19.163,0.371,18.558,0.0,0.0,80.22,18.61,0.605,562.19,-0.46
South America,1912,,52661325.0,673272168448.0,0.0,19.991,0.38,19.251,0.0,0.0,80.22,18.61,0.74,562.19,-0.13
South America,1913,,53698772.0,673272168448.0,0.0,21.123,0.393,20.218,0.0,0.0,80.22,18.61,0.905,562.19,-0.09
South America,1914,,54758303.0,673272168448.0,0.0,17.195,0.314,16.276,0.0,0.004,80.22,18.61,0.915,562.19,-0.03
South America,1915,,55840407.0,673272168448.0,0.0,15.088,0.27,13.722,0.0,0.011,80.22,18.61,1.356,562.19,0.03
South America,1916,,56945588.0,673272168448.0,0.0,13.619,0.239,12.073,0.0,0.015,80.22,18.61,1.532,562.19,-0.55
South America,1917,,58074364.0,673272168448.0,0.0,10.867,0.187,9.178,0.0,0.026,80.22,18.61,1.663,562.19,-1.09
South America,1918,,59209705.0,673272168448.0,0.0,10.999,0.186,9.237,0.0,0.029,80.22,18.61,1.733,562.19,-0.59
South America,1919,,60375328.0,673272168448.0,0.0,12.901,0.214,11.047,0.0,0.029,80.22,18.61,1.825,562.19,-0.1
South America,1920,,61592847.0,673272168448.0,0.0,14.641,0.238,12.617,0.0,0.037,80.22,18.61,1.988,562.19,-0.46
South America,1921,,62800623.0,673272168448.0,0.0,14.429,0.23,11.798,0.0,0.048,80.22,18.61,2.583,562.19,-0.58
South America,1922,,64061956.0,673272168448.0,0.0,17.162,0.268,13.283,0.0,0.062,80.22,18.61,3.817,562.19,-0.58
South America,1923,,65356890.0,673272168448.0,0.0,19.76,0.302,15.343,0.0,0.077,80.22,18.61,4.34,562.19,-0.58
South America,1924,,66680196.0,673272168448.0,0.0,24.333,0.365,18.43,0.0,0.128,80.22,18.61,5.775,562.19,-0.72
South America,1925,,68032532.0,673272168448.0,0.0,26.384,0.388,17.966,0.0,0.938,80.22,18.61,7.481,562.19,-0.43
South America,1926,,69414575.0,673272168448.0,0.0,27.381,0.394,17.388,0.0,0.293,80.22,18.61,9.7,562.19,-0.1
South America,1927,,70827015.0,673272168448.0,0.0,30.081,0.425,19.686,0.0,0.26,80.22,18.61,10.135,562.19,-0.49
South America,1928,,72270559.0,673272168448.0,0.24,31.428,0.435,18.554,0.0,0.297,80.22,18.61,12.337,562.19,-0.36
South America,1929,,73711976.0,673272168448.0,0.32,34.424,0.467,19.463,0.0,1.48,80.22,18.61,13.162,562.19,-0.43
South America,1930,,75173191.0,673272168448.0,0.323,29.122,0.387,18.186,0.0,0.454,80.22,18.61,10.159,562.19,-0.13
South America,1931,,76584541.0,673272168448.0,0.414,25.546,0.334,14.286,0.0,0.564,80.22,18.61,10.281,562.19,-0.27
South America,1932,,78013650.0,673272168448.0,0.462,28.96,0.371,13.341,0.0,1.846,80.22,18.61,13.312,562.19,-0.02
South America,1933,,79436531.0,673272168448.0,0.512,32.899,0.414,14.929,0.0,3.272,80.22,18.61,14.186,562.19,-0.3
South America,1934,,80886009.0,673272168448.0,0.664,37.257,0.461,16.528,0.0,2.433,80.22,18.61,17.632,562.19,-0.31
South America,1935,,82362593.0,673272168448.0,0.818,41.081,0.499,17.86,0.0,3.293,80.22,18.61,19.11,562.19,-0.17
South America,1936,,83866799.0,673272168448.0,0.937,39.597,0.472,18.051,0.0,3.245,80.22,18.61,17.363,562.19,-0.04
South America,1937,,85399154.0,673272168448.0,1.152,50.162,0.587,20.145,0.0,4.757,80.22,18.61,24.107,562.19,-0.1
South America,1938,,86960197.0,673272168448.0,1.327,46.273,0.532,19.475,0.0,4.921,80.22,18.61,20.55,562.19,-0.17
South America,1939,,88636214.0,673272168448.0,1.349,47.06,0.531,19.298,0.0,2.005,80.22,18.61,24.409,562.19,0.0
South America,1940,,90456927.0,673272168448.0,1.392,50.717,0.561,18.109,0.0,2.243,80.22,18.61,28.973,562.19,0.15
South America,1941,,92351468.0,673272168448.0,1.486,50.753,0.55,15.228,0.0,3.492,80.22,18.61,30.547,562.19,0.19
South America,1942,,94400241.0,673272168448.0,1.436,48.166,0.51,14.411,0.0,3.224,80.22,18.61,29.095,562.19,-0.15
South America,1943,,96583061.0,673272168448.0,1.403,48.57,0.503,15.244,0.0,3.031,80.22,18.61,28.892,562.19,-0.21
South America,1944,,98819348.0,673272168448.0,1.559,53.866,0.545,14.871,0.0,3.772,80.22,18.61,33.663,562.19,0.18
South America,1945,,101110462.0,673272168448.0,1.603,54.137,0.535,15.829,0.0,3.852,80.22,18.61,32.853,562.19,0.09
South America,1946,,103457779.0,673272168448.0,1.777,118.776,1.148,17.17,0.0,3.972,80.22,18.61,95.857,562.19,0.0
South America,1947,,105862717.0,673272168448.0,1.963,62.107,0.587,19.01,0.0,4.566,80.22,18.61,36.569,562.19,-0.14
South America,1948,,108326732.0,673272168448.0,2.036,69.504,0.642,20.863,0.0,4.045,80.22,18.61,42.56,562.19,-0.01
South America,1949,,110949438.0,673272168448.0,2.3,70.825,0.638,17.716,0.0,4.547,80.22,18.61,46.262,562.19,-0.12
South America,1950,,113520774.0,673272168448.0,2.606,112.577,0.992,17.902,27.824,2.433,80.22,18.61,61.812,562.19,-0.22
South America,1951,,116611722.0,673272168448.0,2.846,131.287,1.126,21.089,33.496,4.518,80.22,18.61,69.339,562.19,-0.11
South America,1952,,119808344.0,673272168448.0,3.125,141.474,1.181,19.561,35.896,5.276,80.22,18.61,77.616,562.19,-0.01
South America,1953,,123095752.0,673272168448.0,3.547,140.643,1.143,18.103,32.793,5.807,80.22,18.61,80.393,562.19,0.19
South America,1954,,126483936.0,673272168448.0,3.986,151.056,1.194,19.583,34.912,6.488,80.22,18.61,86.087,562.19,-0.12
South America,1955,,129986019.0,673272168448.0,4.336,170.08,1.308,19.91,36.651,7.137,80.22,18.61,102.047,562.19,-0.35
South America,1956,,133605548.0,673272168448.0,4.878,184.182,1.379,20.221,41.035,7.727,80.22,18.61,110.322,562.19,-0.54
South America,1957,,137348367.0,673272168448.0,5.252,192.918,1.405,19.207,43.915,9.197,80.22,18.61,115.347,562.19,-0.04
South America,1958,,141190603.0,673272168448.0,5.469,178.755,1.266,19.613,39.631,9.878,80.22,18.61,104.164,562.19,0.27
South America,1959,,145148672.0,673272168448.0,5.673,196.996,1.357,19.308,37.745,11.113,80.22,18.61,123.157,562.19,0.03
South America,1960,,149224306.0,673272168448.0,6.011,199.163,1.335,20.687,34.251,12.894,80.22,18.61,125.32,562.19,-0.1
South America,1961,,153377880.0,673272168448.0,6.343,201.766,1.316,20.525,32.481,15.279,80.22,18.61,127.138,562.19,0.15
South America,1962,,157609028.0,673272168448.0,6.703,215.625,1.368,21.05,37.969,17.291,80.22,18.61,132.611,562.19,-0.1
South America,1963,,161919488.0,673272168448.0,6.719,219.363,1.355,21.429,34.042,19.184,80.22,18.61,137.989,562.19,0.21
South America,1964,,166291510.0,673272168448.0,7.418,230.117,1.384,21.806,35.117,21.581,80.22,18.61,144.194,562.19,-0.18
South America,1965,,170706949.0,673272168448.0,7.837,240.054,1.406,22.097,37.056,23.461,80.22,18.61,149.603,562.19,0.09
South America,1966,,175135459.0,673272168448.0,8.284,251.936,1.439,22.709,37.647,25.34,80.22,18.61,157.957,562.19,0.08
South America,1967,,179569020.0,673272168448.0,8.46,267.278,1.488,24.742,42.819,27.13,80.22,18.61,164.126,562.19,0.07
South America,1968,,184011029.0,673272168448.0,9.454,287.533,1.563,25.105,41.765,28.727,80.22,18.61,182.483,562.19,-0.13
South America,1969,,188469386.0,673272168448.0,9.723,311.131,1.651,26.963,44.343,29.512,80.22,18.61,200.59,562.19,0.44
South America,1970,,192947239.0,673272168448.0,11.163,337.688,1.75,24.293,46.979,35.123,80.22,18.61,220.129,562.19,0.25
South America,1971,,197461711.0,673272168448.0,11.826,346.379,1.754,24.722,42.023,37.167,80.22,18.61,230.64,562.19,-0.21
South America,1972,,202046231.0,673272168448.0,12.844,362.354,1.793,24.428,39.108,39.456,80.22,18.61,246.517,562.19,0.16
South America,1973,,206713196.0,673272168448.0,14.285,392.424,1.898,26.058,39.641,45.012,80.22,18.61,267.428,562.19,0.26
South America,1974,,211454623.0,673272168448.0,15.104,416.231,1.968,27.167,28.983,46.823,80.22,18.61,298.154,562.19,-0.19
South America,1975,,216251828.0,673272168448.0,15.657,411.325,1.902,28.557,18.091,47.247,80.22,18.61,301.773,562.19,-0.04
South America,1976,,221111805.0,673272168448.0,17.126,419.089,1.895,28.788,21.646,46.4,80.22,18.61,305.129,562.19,-0.14
South America,1977,,226098323.0,673272168448.0,17.882,434.581,1.922,32.801,19.661,50.242,80.22,18.61,313.996,562.19,0.32
South America,1978,,231226845.0,673272168448.0,20.007,461.794,1.997,36.288,19.511,52.084,80.22,18.61,333.904,562.19,0.16
South America,1979,,236454207.0,673272168448.0,21.375,494.203,2.09,38.788,19.859,58.761,80.22,18.61,355.421,562.19,0.16
South America,1980,,241789097.0,673272168448.0,22.988,508.003,2.101,39.611,17.806,64.457,80.22,18.61,363.141,562.19,0.39
South America,1981,,247206236.0,673272168448.0,23.08,489.327,1.979,39.15,15.217,64.832,80.22,18.61,347.05,562.19,0.24
South America,1982,,252673448.0,673272168448.0,22.24,490.54,1.941,39.523,15.128,70.135,80.22,18.61,343.514,562.19,0.3
South America,1983,,258200327.0,673272168448.0,18.85,485.664,1.881,43.331,15.536,75.901,80.22,18.61,332.047,562.19,0.52
South America,1984,,263760622.0,673272168448.0,18.115,491.32,1.863,49.413,18.02,81.254,80.22,18.61,324.518,562.19,0.13
South America,1985,,269320599.0,673272168448.0,18.611,501.64,1.863,55.942,16.667,81.372,80.22,18.61,329.047,562.19,0.19
South America,1986,,274880221.0,673272168448.0,21.511,529.492,1.926,56.858,16.858,88.54,80.22,18.61,345.724,562.19,0.33
South America,1987,,280447634.0,673272168448.0,22.561,557.025,1.986,62.713,17.763,95.106,80.22,18.61,358.882,562.19,0.69
South America,1988,,286026582.0,673272168448.0,22.756,580.029,2.028,65.179,19.603,103.557,80.22,18.61,368.934,562.19,0.35
South America,1989,,291601460.0,673272168448.0,21.035,579.499,1.987,68.64,17.789,103.584,80.22,18.61,368.45,562.19,0.2
South America,1990,,297146501.0,673272168448.0,21.318,599.904,2.019,66.519,28.179,107.281,688.9,218.27,372.919,2969.54,0.41
South America,1991,,302601570.0,673272168448.0,23.046,607.539,2.008,68.307,27.253,111.879,708.45,220.59,373.3,3005.28,0.46
South America,1992,,307967492.0,673272168448.0,21.728,619.454,2.011,67.412,27.703,90.156,721.09,221.87,408.508,3031.82,0.31
South America,1993,,313302144.0,673272168448.0,23.08,654.171,2.088,69.061,31.587,104.214,730.48,223.77,421.987,3062.13,0.43
South America,1994,,318637078.0,673272168448.0,24.521,671.66,2.108,72.209,34.268,117.392,747.26,228.24,419.172,3097.38,0.6
South America,1995,,323946224.0,673272168448.0,26.413,701.796,2.166,75.141,32.202,134.738,771.73,231.72,429.198,3163.9,0.64
South America,1996,,329199341.0,673272168448.0,28.549,728.112,2.212,77.874,27.625,149.804,785.59,223.42,440.013,3219.51,0.44
South America,1997,,334414072.0,673272168448.0,31.297,768.432,2.298,82.109,23.886,160.996,810.52,229.22,465.805,3293.09,0.78
South America,1998,,339583049.0,673272168448.0,32.436,821.018,2.418,82.876,17.004,178.522,832.45,240.41,506.04,3343.07,1.04
South America,1999,,344665738.0,673272168448.0,31.303,839.313,2.435,78.707,14.623,185.122,830.51,241.07,525.207,3345.23,0.42
South America,2000,,349634344.0,673272168448.0,31.027,821.225,2.349,79.037,26.075,170.296,822.88,235.46,509.783,3343.93,0.39
South America,2001,,354475220.0,673272168448.0,29.918,832.13,2.348,72.54,23.819,179.668,835.23,245.59,521.375,3388.74,0.7
South America,2002,,359177090.0,673272168448.0,27.623,847.045,2.358,71.3,26.222,178.604,855.02,262.79,538.341,3421.83,0.92
South America,2003,,363705424.0,673272168448.0,27.61,858.202,2.36,76.5,26.595,184.584,873.83,272.3,537.85,3450.91,0.84
South America,2004,,368126871.0,673272168448.0,27.439,867.599,2.357,76.847,29.241,208.092,913.88,289.86,520.475,3557.8,0.76
South America,2005,,372502549.0,673272168448.0,30.41,901.994,2.421,78.26,38.119,211.319,927.97,288.17,538.53,3591.74,0.86
South America,2006,,376788418.0,673272168448.0,34.762,912.943,2.423,80.117,26.747,209.226,924.03,284.38,556.681,3605.82,0.82
South America,2007,,380966010.0,673272168448.0,36.155,940.783,2.469,83.729,31.833,211.141,934.22,304.51,572.259,3672.52,0.7
South America,2008,,385031415.0,673272168448.0,38.344,1007.551,2.617,90.6,41.511,222.371,928.73,287.04,609.035,3700.94,0.69
South America,2009,,389045327.0,673272168448.0,38.052,991.982,2.55,75.971,51.244,215.281,916.19,275.6,606.374,3654.0,0.92
South America,2010,,393078326.0,673272168448.0,40.34,1082.467,2.754,94.736,46.944,241.913,945.94,313.48,652.583,3808.8,0.95
South America,2011,,397135158.0,673272168448.0,43.338,1104.313,2.781,105.565,43.293,244.696,932.91,297.11,661.083,2951.53,0.74
South America,2012,,401166879.0,673272168448.0,46.479,1144.498,2.853,104.751,34.977,262.723,954.5,300.37,689.165,3041.17,0.97
South America,2013,,405147963.0,673272168448.0,49.248,1209.994,2.987,117.824,38.874,267.092,955.18,298.28,730.47,3095.01,0.86
South America,2014,,409128901.0,673272168448.0,49.797,1229.192,3.004,120.822,41.795,279.008,962.3,306.0,731.492,3134.78,1.06
South America,2015,,413134461.0,673272168448.0,48.401,1193.827,2.89,124.847,40.514,278.763,965.07,305.56,694.91,3111.73,1.43
South America,2016,,417101806.0,673272168448.0,43.92,1152.788,2.764,118.248,39.308,274.628,959.75,312.89,670.29,3143.8,1.19
South America,2017,,420982650.0,673272168448.0,40.529,1125.113,2.673,117.181,34.95,272.714,945.83,327.16,653.348,3132.58,1.2
South America,2018,,424740741.0,673272168448.0,40.776,1064.608,2.507,113.624,37.454,264.457,918.1,315.99,601.905,3069.59,0.93
South America,2019,,428318218.0,673272168448.0,41.567,1073.178,2.506,116.244,40.157,258.897,919.76,330.48,609.922,3068.67,1.29
South America,2020,,431530105.0,673272168448.0,42.353,981.19,2.274,102.755,39.122,236.081,919.76,330.48,554.486,3068.67,1.41
South America,2021,,434254167.0,673272168448.0,46.24,1074.999,2.476,113.779,38.604,262.523,919.76,330.48,607.46,3068.67,1.12
